-- MySQL dump 10.13  Distrib 8.0.21, for Win64 (x86_64)
--
-- Host: localhost    Database: stockauction
-- ------------------------------------------------------
-- Server version	8.0.21

/*!40101 SET @OLD_CHARACTER_SET_CLIENT=@@CHARACTER_SET_CLIENT */;
/*!40101 SET @OLD_CHARACTER_SET_RESULTS=@@CHARACTER_SET_RESULTS */;
/*!40101 SET @OLD_COLLATION_CONNECTION=@@COLLATION_CONNECTION */;
/*!50503 SET NAMES utf8mb4 */;
/*!40103 SET @OLD_TIME_ZONE=@@TIME_ZONE */;
/*!40103 SET TIME_ZONE='+00:00' */;
/*!40014 SET @OLD_UNIQUE_CHECKS=@@UNIQUE_CHECKS, UNIQUE_CHECKS=0 */;
/*!40014 SET @OLD_FOREIGN_KEY_CHECKS=@@FOREIGN_KEY_CHECKS, FOREIGN_KEY_CHECKS=0 */;
/*!40101 SET @OLD_SQL_MODE=@@SQL_MODE, SQL_MODE='NO_AUTO_VALUE_ON_ZERO' */;
/*!40111 SET @OLD_SQL_NOTES=@@SQL_NOTES, SQL_NOTES=0 */;

--
-- Table structure for table `auctionclient`
--

DROP TABLE IF EXISTS `auctionclient`;
/*!40101 SET @saved_cs_client     = @@character_set_client */;
/*!50503 SET character_set_client = utf8mb4 */;
CREATE TABLE `auctionclient` (
  `id` char(10) CHARACTER SET utf8 COLLATE utf8_general_ci NOT NULL,
  `fullName` char(50) CHARACTER SET utf8 COLLATE utf8_general_ci NOT NULL,
  `address1` char(30) CHARACTER SET utf8 COLLATE utf8_general_ci DEFAULT NULL,
  `address2` char(30) CHARACTER SET utf8 COLLATE utf8_general_ci DEFAULT NULL,
  `address3` char(30) CHARACTER SET utf8 COLLATE utf8_general_ci DEFAULT NULL,
  `province` char(30) CHARACTER SET utf8 COLLATE utf8_general_ci DEFAULT NULL,
  `contactPerson` char(50) CHARACTER SET utf8 COLLATE utf8_general_ci DEFAULT NULL,
  `phone` char(15) CHARACTER SET utf8 COLLATE utf8_general_ci DEFAULT NULL,
  `phone2` char(15) CHARACTER SET utf8 COLLATE utf8_general_ci DEFAULT NULL,
  `email` char(50) CHARACTER SET utf8 COLLATE utf8_general_ci DEFAULT NULL,
  `preferredNumber` smallint DEFAULT NULL,
  `total` int DEFAULT NULL,
  `attendance` decimal(5,0) DEFAULT NULL,
  PRIMARY KEY (`id`)
) ENGINE=InnoDB DEFAULT CHARSET=utf8mb4 COLLATE=utf8mb4_0900_ai_ci;
/*!40101 SET character_set_client = @saved_cs_client */;

--
-- Dumping data for table `auctionclient`
--

LOCK TABLES `auctionclient` WRITE;
/*!40000 ALTER TABLE `auctionclient` DISABLE KEYS */;
INSERT INTO `auctionclient` VALUES ('ADE85','Adena Rich','4150 Rdenari Road','RD11','Timaru','South Canterbury','Adena Rich','(03)475-1010','(021)109-8042','Adena.Rich@emailProvide.co.nz',69,33140,NULL),('AIK33','Aiko Swanson','840 Sswanso Road','RD9','Oamaru','North Otago','Aiko Swanson','(03)226-7194','(021)310-3802','Aiko.Swanson@emailProvide.co.nz',49,23184,NULL),('ALM34','Alma Fischer','137 Flmaf Road','RD9','Oamaru','North Otago','Alma Fischer','(03)084-9257','(021)868-8482','Alma.Fischer@emailProvide.co.nz',35,NULL,NULL),('AMA77','Amaya Delaney','963 Dadel Road','RD14','Timaru','South Canterbury','Amaya Delaney','(03)762-9996','(021)177-1024','Amaya.Delaney@emailProvide.co.nz',NULL,NULL,NULL),('AMI90','Amity Chapman','4150 Cchapm Road','RD12','Timaru','South Canterbury','Amity Chapman','(03)675-2988','(021)313-6188','Amity.Chapman@emailProvide.co.nz',NULL,NULL,NULL),('ANA20','Anastasia Delgado','4810 Dasiadelg Road','RD11','Oamaru','North Otago','Anastasia Delgado','(03)674-0891','(021)252-9054','Anastasia.Delgado@emailProvide.co.nz',NULL,NULL,NULL),('ANA22','Anastasia Trading','2025 Mtasiat Road','RD10','Oamaru','North Otago','Anastasia Mckinney','(03)505-3328','(021)260-6630','Anastasia.Trading@emailProvide.co.nz',79,533175,NULL),('ANG84','Angela Preston','1647 Pelaprest Road','RD10','Timaru','South Canterbury','Angela Preston','(03)011-4590','(021)554-4582','Angela.Preston@emailProvide.co.nz',31,NULL,NULL),('ARM79','Armand Cannon','3042 Candcanno Road','RD11','Timaru','South Canterbury','Armand Cannon','(03)643-7010','(021)603-4563','Armand.Cannon@emailProvide.co.nz',NULL,NULL,NULL),('ASP43','Aspen Wilkerson','1333 Wspenwilk Road','RD5','Oamaru','North Otago','Aspen Wilkerson','(03)951-6071','(021)928-6857','Aspen.Wilkerson@emailProvide.co.nz',NULL,NULL,NULL),('AUT58','Autumn Mooney','626 Mumnmoone Road','RD13','Waimate','South Canterbury','Autumn Mooney','(03)493-7738','(021)483-5527','Autumn.Mooney@emailProvide.co.nz',75,1121459,NULL),('AYA18','Ayala Farms','1947 Aalafa Road','RD6','Oamaru','North Otago','Remedios Ayala','(03)095-9008','(021)285-8981','Ayala.Farms@emailProvide.co.nz',40,106775,NULL),('BAR45','Barrett Fuller','3421 Frrettf Road','RD8','Oamaru','North Otago','Barrett Fuller','(03)886-8586','(021)286-6582','Barrett.Fuller@emailProvide.co.nz',NULL,8280,NULL),('BAR49','Barclay Barr','2089 Bclayb Road','RD5','Waimate','South Canterbury','Barclay Barr','(03)802-7225','(021)745-2142','Barclay.Barr@emailProvide.co.nz',NULL,110088,NULL),('BEN28','Ben Thomson','4111 Gett Road','RD15','Lincoln','South Canterbury','Ben Thomson','(03)234-8132','(021)652-2365','Ben.Thomson@emailProvide.co.nz',NULL,NULL,NULL),('BIA84','Bianca Foster','913 Fiancaf Road','RD12','Timaru','South Canterbury','Bianca Foster','(03)435-0867','(021)656-6917','Bianca.Foster@emailProvide.co.nz',65,758691,NULL),('BRE87','Brent Ramirez','2177 Rntrami Road','RD12','Timaru','South Canterbury','Brent Ramirez','(03)358-8312','(021)353-3396','Brent.Ramirez@emailProvide.co.nz',58,NULL,NULL),('BRI76','Bright Farms','2679 Bightfa Road','RD10','Oamaru','North Otago','Tanya Bright','(03)489-4659','(021)554-4681','Bright.Farms@emailProvide.co.nz',74,584594,NULL),('BRO56','Brody Stanley','4381 Sdystanley Road','RD5','Timaru','South Canterbury','Brody Stanley','(03)476-7728','(021)266-5114','Brody.Stanley@emailProvide.co.nz',70,59427,NULL),('BUR94','Burch Farms','3685 Burchfar Road','RD4','Oamaru','North Otago','Dana Burch','(03)099-8020','(021)524-7117','Burch.Farms@emailProvide.co.nz',41,45772,NULL),('CAM40','Camden Hatfield','3276 Hamdenhatf Road','RD13','Timaru','South Canterbury','Camden Hatfield','(03)420-8856','(021)947-4638','Camden.Hatfield@emailProvide.co.nz',62,769509,NULL),('CAR58','Carr Farms','4404 Cfarms Road','RD6','Timaru','South Canterbury','Xenos Carr','(03)197-5936','(021)320-9170','Carr.Farms@emailProvide.co.nz',43,29366,NULL),('CEC74','Cecilia Trading','2439 Ailiat Road','RD12','Waimate','South Canterbury','Cecilia Alexander','(03)092-1449','(021)139-1323','Cecilia.Trading@emailProvide.co.nz',37,15641,NULL),('CED89','Cedric Cummings','2780 Cedric Road','RD11','Timaru','South Canterbury','Cedric Cummings','(03)773-1477','(021)395-3023','Cedric.Cummings@emailProvide.co.nz',NULL,61187,NULL),('CHA55','Chase Mccormick','2246 Msemc Road','RD12','Timaru','South Canterbury','Chase Mccormick','(03)919-2133','(021)238-5471','Chase.Mccormick@emailProvide.co.nz',NULL,73705,NULL),('CHA61','Chadwick Trading','3673 Jwickt Road','RD9','Waimate','South Canterbury','Chadwick Jackson','(03)206-4110','(021)785-5968','Chadwick.Trading@emailProvide.co.nz',44,NULL,NULL),('CHE54','Cherry Farms','465 Cyfarm Road','RD11','Timaru','South Canterbury','Alvin Cherry','(03)026-9560','(021)981-7659','Cherry.Farms@emailProvide.co.nz',33,NULL,NULL),('DAL10','Dalton Farms','1266 Donfa Road','RD5','Timaru','South Canterbury','Casey Dalton','(03)226-9059','(021)512-8405','Dalton.Farms@emailProvide.co.nz',50,NULL,NULL),('DAM54','Damian Rollins','3392 Rnrollin Road','RD13','Oamaru','North Otago','Damian Rollins','(03)088-9100','(021)260-6836','Damian.Rollins@emailProvide.co.nz',36,NULL,NULL),('DAN83','Daniel Farms','4250 Dielfa Road','RD7','Oamaru','North Otago','Geraldine Daniel','(03)164-8667','(021)241-5183','Daniel.Farms@emailProvide.co.nz',42,45878,NULL),('DEA33','Deacon Walsh','4903 Wonwalsh Road','RD9','Timaru','South Canterbury','Deacon Walsh','(03)290-2043','(021)982-9212','Deacon.Walsh@emailProvide.co.nz',53,NULL,NULL),('DIL15','Dillard Farms','307 Dillardf Road','RD5','Timaru','South Canterbury','Eaton Dillard','(03)504-5836','(021)984-2181','Dillard.Farms@emailProvide.co.nz',78,532100,NULL),('ECH84','Echo Simon','1909 Sosimon Road','RD8','Oamaru','North Otago','Echo Simon','(03)771-2424','(021)755-7806','Echo.Simon@emailProvide.co.nz',NULL,NULL,NULL),('EDE14','Eden Arnold','700 Aenarnold Road','RD14','Timaru','South Canterbury','Eden Arnold','(03)585-1950','(021)228-8001','Eden.Arnold@emailProvide.co.nz',NULL,NULL,NULL),('ELT41','Elton Trading','1020 Mltontra Road','RD4','Oamaru','North Otago','Elton Mckee','(03)485-0734','(021)410-9178','Elton.Trading@emailProvide.co.nz',72,NULL,NULL),('EME54','Emery Mendoza','953 Mrymendo Road','RD10','Oamaru','North Otago','Emery Mendoza','(03)599-0790','(021)847-8890','Emery.Mendoza@emailProvide.co.nz',NULL,75481,NULL),('EVE64','Everett Farms','653 Erettfarm Road','RD12','Waimate','South Canterbury','Maxine Everett','(03)559-9273','(021)911-6160','Everett.Farms@emailProvide.co.nz',NULL,32949,NULL),('FIT70','Fitzpatrick Farms','4528 Fpatrickf Road','RD4','Timaru','South Canterbury','Ferris Fitzpatrick','(03)634-4400','(021)321-2800','Fitzpatrick.Farms@emailProvide.co.nz',NULL,138799,NULL),('FRA57','Francesca Holland','327 Hcesca Road','RD5','Timaru','South Canterbury','Francesca Holland','(03)565-2287','(021)963-9317','Francesca.Holland@emailProvide.co.nz',NULL,NULL,NULL),('GAN56','Gannon Trading','3361 Bnnontradi Road','RD7','Oamaru','North Otago','Gannon Battle','(03)358-7914','(021)710-1279','Gannon.Trading@emailProvide.co.nz',57,103236,NULL),('GER44','Germane Blackburn','3046 Brmane Road','RD15','Ashburton','Mid Canterbury','Germane Blackburn','(03)527-0752','(021)608-1879','Germane.Blackburn@emailProvide.co.nz',85,95837,NULL),('GIL21','Gill Farms','1960 Gfarms Road','RD11','Timaru','South Canterbury','Igor Gill','(03)891-4722','(021)335-7845','Gill.Farms@emailProvide.co.nz',NULL,32221,NULL),('GRA33','Grady Blevins','1814 Byble Road','RD12','Oamaru','North Otago','Grady Blevins','(03)883-3196','(021)253-9109','Grady.Blevins@emailProvide.co.nz',NULL,43914,NULL),('HAN72','Hanna Collier','4500 Ccollier Road','RD9','Waimate','South Canterbury','Hanna Collier','(03)762-0483','(021)576-1295','Hanna.Collier@emailProvide.co.nz',NULL,NULL,NULL),('HAR50','Hardin Farms','491 Hdinfa Road','RD10','Oamaru','North Otago','Lani Hardin','(03)525-1909','(021)571-7599','Hardin.Farms@emailProvide.co.nz',84,108119,NULL),('HAS41','Hasad Harrington','2424 Hasadhar Road','RD10','Ashburton','Mid Canterbury','Hasad Harrington','(03)495-3350','(021)335-9858','Hasad.Harrington@emailProvide.co.nz',76,91018,NULL),('HER18','Hermione Compton','1839 Conecompto Road','RD6','Waimate','South Canterbury','Hermione Compton','(03)094-7221','(021)630-8131','Hermione.Compton@emailProvide.co.nz',38,75299,NULL),('HUM53','Humphrey Farms','4635 Humphreyfa Road','RD6','Waimate','South Canterbury','Carson Humphrey','(03)551-7583','(021)969-2908','Humphrey.Farms@emailProvide.co.nz',NULL,26903,NULL),('ILL32','Illiana Garner','1592 Glianagar Road','RD9','Waimate','South Canterbury','Illiana Garner','(03)523-7558','(021)212-1231','Illiana.Garner@emailProvide.co.nz',83,NULL,NULL),('ILL83','Illiana Maldonado','187 Mllianamal Road','RD7','Waimate','South Canterbury','Illiana Maldonado','(03)396-2283','(021)711-2979','Illiana.Maldonado@emailProvide.co.nz',60,786060,NULL),('INA96','Ina Trading','4383 Batrading Road','RD11','Ashburton','Mid Canterbury','Ina Boyd','(03)507-7772','(021)779-6718','Ina.Trading@emailProvide.co.nz',80,467071,NULL),('IRM34','Irma Trading','720 Matradin Road','RD10','Waimate','South Canterbury','Irma Mcbride','(03)230-0136','(021)965-3131','Irma.Trading@emailProvide.co.nz',51,NULL,NULL),('ISA52','Isadora Mcintyre','3401 Msador Road','RD12','Oamaru','North Otago','Isadora Mcintyre','(03)828-3525','(021)943-9513','Isadora.Mcintyre@emailProvide.co.nz',NULL,NULL,NULL),('IVY25','Ivy Morrison','4503 Mvymor Road','RD14','Oamaru','North Otago','Ivy Morrison','(03)768-4543','(021)772-6445','Ivy.Morrison@emailProvide.co.nz',NULL,NULL,NULL),('JAN29','Jana Brown','4965 Bbrown Road','RD7','Oamaru','North Otago','Jana Brown','(03)666-8339','(021)531-6471','Jana.Brown@emailProvide.co.nz',NULL,NULL,NULL),('JIM52','Jimenez Farms','1848 Jimenez Road','RD7','Oamaru','North Otago','Dillon Jimenez','(03)555-4967','(021)516-1393','Jimenez.Farms@emailProvide.co.nz',NULL,NULL,NULL),('JOC56','Jocelyn Dickson','742 Dlynd Road','RD6','Timaru','South Canterbury','Jocelyn Dickson','(03)454-5318','(021)546-7391','Jocelyn.Dickson@emailProvide.co.nz',66,672837,NULL),('JUL45','Juliet Hayes','4215 Hetha Road','RD13','Oamaru','North Otago','Juliet Hayes','(03)535-8097','(021)961-7593','Juliet.Hayes@emailProvide.co.nz',86,55102,NULL),('KAR29','Kareem Buchanan','910 Bembuchana Road','RD14','Oamaru','North Otago','Kareem Buchanan','(03)632-2618','(021)695-9191','Kareem.Buchanan@emailProvide.co.nz',NULL,NULL,NULL),('KAU93','Kaufman Farms','1645 Kfmanfar Road','RD14','Timaru','South Canterbury','Fatima Kaufman','(03)683-1732','(021)146-6029','Kaufman.Farms@emailProvide.co.nz',NULL,NULL,NULL),('KAY61','Kaye Robinson','1427 Rrobinson Road','RD9','Timaru','South Canterbury','Kaye Robinson','(03)474-4656','(021)159-8973','Kaye.Robinson@emailProvide.co.nz',68,NULL,NULL),('KIR77','Kirk Cameron','3507 Ckcamer Road','RD4','Timaru','South Canterbury','Kirk Cameron','(03)015-1740','(021)799-3340','Kirk.Cameron@emailProvide.co.nz',32,NULL,NULL),('KYL15','Kylynn Trading','953 Slynntr Road','RD12','Oamaru','North Otago','Kylynn Santos','(03)033-2516','(021)760-4269','Kylynn.Trading@emailProvide.co.nz',34,44415,NULL),('LEE46','Lee Chase','3924 Cchase Road','RD5','Oamaru','North Otago','Lee Chase','(03)390-2387','(021)762-7644','Lee.Chase@emailProvide.co.nz',59,523877,NULL),('LES38','Lester Hayes','4177 Hterhayes Road','RD5','Oamaru','North Otago','Lester Hayes','(03)918-1908','(021)468-4405','Lester.Hayes@emailProvide.co.nz',NULL,25400,NULL),('LEV53','Lev Michael','2538 Mvmich Road','RD13','Waimate','South Canterbury','Lev Michael','(03)858-0638','(021)131-4734','Lev.Michael@emailProvide.co.nz',NULL,87415,NULL),('MAC97','Macdonald Farms','1925 Mcdonald Road','RD4','Waimate','South Canterbury','Yvette Macdonald','(03)497-7464','(021)242-3216','Macdonald.Farms@emailProvide.co.nz',77,517122,NULL),('MAD58','Madaline Trading','3665 Falinetra Road','RD8','Timaru','South Canterbury','Madaline Farmer','(03)744-0830','(021)389-2475','Madaline.Trading@emailProvide.co.nz',NULL,80268,NULL),('MAD86','Madonna Valencia','3805 Vnnaval Road','RD7','Oamaru','North Otago','Madonna Valencia','(03)651-6332','(021)332-6106','Madonna.Valencia@emailProvide.co.nz',NULL,NULL,2),('MAR13','Mary Trading','1812 Mytradi Road','RD6','Oamaru','North Otago','Mary Maxwell','(03)769-0601','(021)784-4846','Mary.Trading@emailProvide.co.nz',NULL,4106,NULL),('MAR64','Marshall Leach','1572 Lrshalllea Road','RD10','Oamaru','North Otago','Marshall Leach','(03)357-4050','(021)548-9789','Marshall.Leach@emailProvide.co.nz',56,736199,NULL),('MAR82','Marks Farms','2781 Mksfa Road','RD11','Oamaru','North Otago','Jescie Marks','(03)487-6821','(021)894-1904','Marks.Farms@emailProvide.co.nz',73,540910,NULL),('MCK18','Mckee Farms','3021 Mckeefarm Road','RD15','Oamaru','North Otago','Alika Mckee','(03)743-2868','(021)908-8911','Mckee.Farms@emailProvide.co.nz',NULL,35275,NULL),('MCL46','Mclean Farms','2991 Mcleanfar Road','RD14','Oamaru','North Otago','Ferdinand Mclean','(03)703-9987','(021)923-6612','Mclean.Farms@emailProvide.co.nz',NULL,47473,NULL),('MEG54','Meghan Dalton','4912 Dndalt Road','RD11','Timaru','South Canterbury','Meghan Dalton','(03)095-7171','(021)299-3270','Meghan.Dalton@emailProvide.co.nz',39,481146,NULL),('MEL94','Melissa Ruiz','2913 Relissar Road','RD5','Ashburton','Mid Canterbury','Melissa Ruiz','(03)224-6947','(021)435-1322','Melissa.Ruiz@emailProvide.co.nz',48,350645,NULL),('MUF73','Mufutau Munoz','2234 Mtaumuno Road','RD4','Oamaru','North Otago','Mufutau Munoz','(03)650-5319','(021)329-2206','Mufutau.Munoz@emailProvide.co.nz',NULL,NULL,NULL),('NER26','Nerea Christian','2798 Cereachri Road','RD5','Oamaru','North Otago','Nerea Christian','(03)787-8960','(021)830-9701','Nerea.Christian@emailProvide.co.nz',NULL,NULL,NULL),('NOL48','Nola Trading','4886 Vlatrading Road','RD4','Oamaru','North Otago','Nola Vasquez','(03)421-3219','(021)934-7606','Nola.Trading@emailProvide.co.nz',63,627535,NULL),('OMA68','Omar Riddle','1786 Rriddle Road','RD4','Oamaru','North Otago','Omar Riddle','(03)352-5610','(021)811-9517','Omar.Riddle@emailProvide.co.nz',55,NULL,NULL),('OTT26','Otto Trading','4652 Tttotr Road','RD14','Timaru','South Canterbury','Otto Torres','(03)953-9208','(021)741-3241','Otto.Trading@emailProvide.co.nz',NULL,NULL,NULL),('OTT82','Otto Roman','3915 Rttoroman Road','RD9','Oamaru','North Otago','Otto Roman','(03)591-1272','(021)892-6316','Otto.Roman@emailProvide.co.nz',NULL,NULL,NULL),('PAU40','Paul Craig','3537 Culcra Road','RD14','Waimate','South Canterbury','Paul Craig','(03)223-7052','(021)645-3165','Paul.Craig@emailProvide.co.nz',47,NULL,NULL),('PHO88','Phoebe Mcbride','2012 Mbemcbride Road','RD15','Timaru','South Canterbury','Phoebe Mcbride','(03)268-8434','(021)875-9046','Phoebe.Mcbride@emailProvide.co.nz',52,NULL,NULL),('QUE55','Quentin Miranda','1589 Mentin Road','RD10','Oamaru','North Otago','Quentin Miranda','(03)522-3969','(021)815-3326','Quentin.Miranda@emailProvide.co.nz',82,NULL,NULL),('QUO44','Quon Trading','1486 Mtrad Road','RD12','Oamaru','North Otago','Quon Mays','(03)897-3825','(021)548-9381','Quon.Trading@emailProvide.co.nz',NULL,NULL,NULL),('RIG58','Riggs Farms','309 Rgsfarms Road','RD15','Oamaru','North Otago','Yoko Riggs','(03)854-4286','(021)310-9642','Riggs.Farms@emailProvide.co.nz',NULL,NULL,NULL),('RIN96','Rinah Mcmahon','2329 Mhmcma Road','RD6','Oamaru','North Otago','Rinah Mcmahon','(03)515-2590','(021)837-1814','Rinah.Mcmahon@emailProvide.co.nz',81,NULL,NULL),('ROA87','Roary Gillespie','1199 Grygill Road','RD8','Oamaru','North Otago','Roary Gillespie','(03)290-3736','(021)530-2849','Roary.Gillespie@emailProvide.co.nz',54,571661,NULL),('ROS88','Rosales Farms','2812 Rlesfarm Road','RD14','Oamaru','North Otago','Elizabeth Rosales','(03)414-8115','(021)290-1538','Rosales.Farms@emailProvide.co.nz',61,1418825,NULL),('SAM65','Samson Pollard','2039 Pnpoll Road','RD15','Ashburton','Mid Canterbury','Samson Pollard','(03)946-9385','(021)783-7149','Samson.Pollard@emailProvide.co.nz',NULL,108817,NULL),('STE01','Stephen Houston','4111 Hphania Road','RD15','Oamaru','South Canterbury','Stephen Houston','(03)483-4793','(021)789-8668','Zephania.Houston@emailProvide.co.nz',49,56332,NULL),('STE54','Stephanie Rodriguez','4035 Rhanierodr Road','RD9','Timaru','South Canterbury','Stephanie Rodriguez','(03)568-9203','(021)837-2178','Stephanie.Rodriguez@emailProvide.co.nz',NULL,8333,NULL),('SUK96','Suki Golden','3327 Gigolde Road','RD5','Oamaru','North Otago','Suki Golden','(03)827-9773','(021)361-3942','Suki.Golden@emailProvide.co.nz',NULL,47396,NULL),('SYD61','Sydnee Ayala','1492 Aeeayal Road','RD5','Oamaru','North Otago','Sydnee Ayala','(03)800-2936','(021)187-4767','Sydnee.Ayala@emailProvide.co.nz',NULL,119246,NULL),('URI16','Urielle Davidson','4839 Dielle Road','RD4','Oamaru','North Otago','Urielle Davidson','(03)893-4516','(021)462-3519','Urielle.Davidson@emailProvide.co.nz',NULL,68553,NULL),('VAL46','Valenzuela Farms','2415 Vnzuela Road','RD12','Timaru','South Canterbury','Clinton Valenzuela','(03)221-6872','(021)400-9607','Valenzuela.Farms@emailProvide.co.nz',46,710304,NULL),('VER19','Vernon Mcgee','2171 Mnmcgee Road','RD14','Waimate','South Canterbury','Vernon Mcgee','(03)429-3306','(021)822-9878','Vernon.Mcgee@emailProvide.co.nz',64,397619,NULL),('VIO55','Violet Trading','1094 Gettrading Road','RD7','Oamaru','North Otago','Violet Garner','(03)574-6581','(021)933-6326','Violet.Trading@emailProvide.co.nz',NULL,30745,NULL),('WAN55','Wang Riley','3137 Rngrile Road','RD12','Oamaru','North Otago','Wang Riley','(03)464-6413','(021)541-9186','Wang.Riley@emailProvide.co.nz',67,90222,NULL),('WHI59','Whitaker Farms','1127 Wtakerfarm Road','RD13','Oamaru','North Otago','Silas Whitaker','(03)210-9623','(021)747-8607','Whitaker.Farms@emailProvide.co.nz',45,118063,NULL),('ZEP35','Zephania Houston','4111 Hphania Road','RD15','Oamaru','North Otago','Zephania Houston','(03)483-4793','(021)789-8668','Zephania.Houston@emailProvide.co.nz',71,56332,NULL);
/*!40000 ALTER TABLE `auctionclient` ENABLE KEYS */;
UNLOCK TABLES;

--
-- Table structure for table `auctionclientatauction`
--

DROP TABLE IF EXISTS `auctionclientatauction`;
/*!40101 SET @saved_cs_client     = @@character_set_client */;
/*!50503 SET character_set_client = utf8mb4 */;
CREATE TABLE `auctionclientatauction` (
  `auctionId` smallint NOT NULL,
  `clientNumber` smallint NOT NULL,
  `clientID` char(10) CHARACTER SET utf8 COLLATE utf8_general_ci NOT NULL,
  `totalValue` int DEFAULT NULL,
  `soldValue` int DEFAULT NULL,
  PRIMARY KEY (`auctionId`,`clientNumber`),
  KEY `IDX_auctionclientatauction` (`clientID`,`clientNumber`),
  CONSTRAINT `FK_AuctionClientAtAuction_AuctionClient` FOREIGN KEY (`clientID`) REFERENCES `auctionclient` (`id`),
  CONSTRAINT `FK_AuctionClientAtAuction_AuctionDay` FOREIGN KEY (`auctionId`) REFERENCES `auctionday` (`id`)
) ENGINE=InnoDB DEFAULT CHARSET=utf8mb4 COLLATE=utf8mb4_0900_ai_ci;
/*!40101 SET character_set_client = @saved_cs_client */;

--
-- Dumping data for table `auctionclientatauction`
--

LOCK TABLES `auctionclientatauction` WRITE;
/*!40000 ALTER TABLE `auctionclientatauction` DISABLE KEYS */;
INSERT INTO `auctionclientatauction` VALUES (1619,32,'KIR77',NULL,NULL),(1619,34,'KYL15',NULL,NULL),(1619,37,'CEC74',NULL,NULL),(1619,38,'HER18',NULL,NULL),(1619,39,'MEG54',NULL,NULL),(1619,40,'AYA18',NULL,NULL),(1619,41,'BUR94',NULL,NULL),(1619,42,'DAN83',NULL,NULL),(1619,43,'CAR58',NULL,NULL),(1619,45,'WHI59',NULL,NULL),(1619,46,'VAL46',NULL,NULL),(1619,48,'MEL94',NULL,NULL),(1619,49,'AIK33',NULL,NULL),(1619,54,'ROA87',NULL,NULL),(1619,56,'MAR64',NULL,NULL),(1619,57,'GAN56',NULL,NULL),(1619,58,'BRE87',NULL,NULL),(1619,59,'LEE46',NULL,NULL),(1619,60,'ILL83',NULL,NULL),(1619,61,'ROS88',NULL,NULL),(1619,62,'CAM40',NULL,NULL),(1619,63,'NOL48',NULL,NULL),(1619,64,'VER19',NULL,NULL),(1619,65,'BIA84',NULL,NULL),(1619,66,'JOC56',NULL,NULL),(1619,67,'WAN55',NULL,NULL),(1619,69,'ADE85',NULL,NULL),(1619,70,'BRO56',NULL,NULL),(1619,71,'ZEP35',NULL,NULL),(1619,73,'MAR82',NULL,NULL),(1619,74,'BRI76',NULL,NULL),(1619,75,'AUT58',NULL,NULL),(1619,76,'HAS41',NULL,NULL),(1619,77,'MAC97',NULL,NULL),(1619,78,'DIL15',NULL,NULL),(1619,79,'ANA22',NULL,NULL),(1619,80,'INA96',NULL,NULL),(1619,84,'HAR50',NULL,NULL),(1619,85,'GER44',NULL,NULL),(1619,86,'JUL45',NULL,NULL),(1619,87,'GRA33',NULL,NULL),(1619,88,'HAN72',NULL,NULL),(1619,100,'BAR45',NULL,NULL),(1619,101,'BAR49',NULL,NULL),(1619,120,'CED89',NULL,NULL),(1619,122,'CHA55',NULL,NULL),(1619,124,'HUM53',NULL,NULL),(1619,126,'EME54',NULL,NULL),(1619,128,'EVE64',NULL,NULL),(1619,130,'FIT70',NULL,NULL),(1619,132,'FRA57',NULL,NULL),(1619,134,'LES38',NULL,NULL),(1619,136,'LEV53',NULL,NULL),(1619,138,'SAM65',NULL,NULL),(1619,140,'STE54',NULL,NULL),(1619,142,'SUK96',NULL,NULL),(1619,144,'SYD61',NULL,NULL),(1619,146,'VIO55',NULL,NULL),(1619,148,'URI16',NULL,NULL),(1619,150,'MCK18',NULL,NULL),(1619,152,'MCL46',NULL,NULL),(1619,154,'MAD58',NULL,NULL),(1619,156,'MAD86',NULL,NULL),(1619,158,'MAR13',NULL,NULL),(1619,160,'GIL21',NULL,NULL),(1620,32,'KIR77',NULL,NULL),(1620,34,'KYL15',NULL,NULL),(1620,37,'CEC74',NULL,NULL),(1620,38,'HER18',NULL,NULL),(1620,39,'MEG54',NULL,NULL),(1620,40,'AYA18',NULL,NULL),(1620,41,'BUR94',NULL,NULL),(1620,42,'DAN83',NULL,NULL),(1620,43,'CAR58',NULL,NULL),(1620,45,'WHI59',NULL,NULL),(1620,46,'VAL46',NULL,NULL),(1620,48,'MEL94',NULL,NULL),(1620,49,'AIK33',NULL,NULL),(1620,54,'ROA87',NULL,NULL),(1620,56,'MAR64',NULL,NULL),(1620,57,'GAN56',NULL,NULL),(1620,58,'BRE87',NULL,NULL),(1620,59,'LEE46',NULL,NULL),(1620,60,'ILL83',NULL,NULL),(1620,61,'ROS88',NULL,NULL),(1620,62,'CAM40',NULL,NULL),(1620,63,'NOL48',NULL,NULL),(1620,64,'VER19',NULL,NULL),(1620,65,'BIA84',NULL,NULL),(1620,66,'JOC56',NULL,NULL),(1620,67,'WAN55',NULL,NULL),(1620,69,'ADE85',NULL,NULL),(1620,70,'BRO56',NULL,NULL),(1620,71,'ZEP35',NULL,NULL),(1620,73,'MAR82',NULL,NULL),(1620,74,'BRI76',NULL,NULL),(1620,75,'AUT58',NULL,NULL),(1620,76,'HAS41',NULL,NULL),(1620,77,'MAC97',NULL,NULL),(1620,78,'DIL15',NULL,NULL),(1620,79,'ANA22',NULL,NULL),(1620,80,'INA96',NULL,NULL),(1620,84,'HAR50',NULL,NULL),(1620,85,'GER44',NULL,NULL),(1620,86,'JUL45',NULL,NULL),(1620,87,'FIT70',NULL,NULL),(1620,88,'SAM65',NULL,NULL),(1620,100,'BAR49',NULL,NULL),(1620,101,'EVE64',NULL,NULL),(1620,120,'CHA55',NULL,NULL),(1620,122,'SUK96',NULL,NULL),(1620,124,'STE54',NULL,NULL),(1620,126,'LEV53',NULL,NULL),(1620,128,'MAD58',NULL,NULL),(1620,130,'BAR45',NULL,NULL),(1620,132,'MCK18',NULL,NULL),(1620,134,'CED89',NULL,NULL),(1620,136,'GIL21',NULL,NULL),(1620,138,'GRA33',NULL,NULL),(1620,140,'MAR13',NULL,NULL),(1620,142,'SYD61',NULL,NULL),(1620,144,'EME54',NULL,NULL),(1620,146,'URI16',NULL,NULL),(1620,148,'FRA57',NULL,NULL),(1620,150,'HAN72',NULL,NULL),(1620,152,'VIO55',NULL,NULL),(1620,154,'LES38',NULL,NULL),(1620,156,'MCL46',NULL,NULL),(1620,158,'HUM53',NULL,NULL),(1620,160,'MAD86',NULL,NULL),(1620,163,'MAD86',NULL,NULL),(1621,32,'KIR77',NULL,311361),(1621,34,'KYL15',44415,132000),(1621,37,'CEC74',15641,485644),(1621,38,'HER18',75299,708912),(1621,39,'MEG54',481146,753132),(1621,40,'AYA18',106775,735178),(1621,41,'BUR94',45772,1379838),(1621,42,'DAN83',45878,279310),(1621,43,'CAR58',29366,1035344),(1621,45,'WHI59',118063,NULL),(1621,46,'VAL46',710304,NULL),(1621,48,'MEL94',350645,NULL),(1621,49,'AIK33',23184,150373),(1621,54,'ROA87',571661,NULL),(1621,56,'MAR64',736199,NULL),(1621,57,'GAN56',103236,534043),(1621,58,'BRE87',NULL,951331),(1621,59,'LEE46',523877,290012),(1621,60,'ILL83',786060,482175),(1621,61,'ROS88',1418825,617747),(1621,62,'CAM40',769509,487934),(1621,63,'NOL48',627535,NULL),(1621,64,'VER19',397619,NULL),(1621,65,'BIA84',758691,625772),(1621,66,'JOC56',672837,NULL),(1621,67,'WAN55',90222,NULL),(1621,69,'ADE85',33140,574817),(1621,70,'BRO56',59427,454319),(1621,71,'ZEP35',56332,NULL),(1621,73,'MAR82',540910,NULL),(1621,74,'BRI76',584594,450749),(1621,75,'AUT58',1121459,NULL),(1621,76,'HAS41',91018,289650),(1621,77,'MAC97',517122,235732),(1621,78,'DIL15',532100,379816),(1621,79,'ANA22',533175,NULL),(1621,80,'INA96',467071,NULL),(1621,84,'HAR50',108119,428786),(1621,85,'GER44',95837,501121),(1621,86,'JUL45',55102,480513),(1621,87,'FIT70',138799,667768),(1621,88,'SAM65',108817,609339),(1621,103,'BAR49',110088,NULL),(1621,104,'EVE64',32949,NULL),(1621,123,'CHA55',73705,NULL),(1621,125,'SUK96',47396,NULL),(1621,127,'STE54',8333,NULL),(1621,129,'LEV53',87415,NULL),(1621,131,'MAD58',80268,NULL),(1621,133,'BAR45',8280,NULL),(1621,135,'MCK18',35275,NULL),(1621,137,'CED89',61187,NULL),(1621,139,'GIL21',32221,NULL),(1621,141,'GRA33',43914,NULL),(1621,143,'MAR13',4106,NULL),(1621,145,'SYD61',119246,NULL),(1621,147,'EME54',75481,NULL),(1621,149,'URI16',68553,NULL),(1621,151,'FRA57',NULL,NULL),(1621,153,'HAN72',NULL,NULL),(1621,155,'VIO55',30745,NULL),(1621,157,'LES38',25400,NULL),(1621,159,'MCL46',47473,NULL),(1621,161,'HUM53',26903,NULL),(1623,71,'ZEP35',NULL,NULL);
/*!40000 ALTER TABLE `auctionclientatauction` ENABLE KEYS */;
UNLOCK TABLES;

--
-- Table structure for table `auctionday`
--

DROP TABLE IF EXISTS `auctionday`;
/*!40101 SET @saved_cs_client     = @@character_set_client */;
/*!50503 SET character_set_client = utf8mb4 */;
CREATE TABLE `auctionday` (
  `id` smallint NOT NULL,
  `auctionDay` date NOT NULL,
  PRIMARY KEY (`id`)
) ENGINE=InnoDB DEFAULT CHARSET=utf8mb4 COLLATE=utf8mb4_0900_ai_ci;
/*!40101 SET character_set_client = @saved_cs_client */;

--
-- Dumping data for table `auctionday`
--

LOCK TABLES `auctionday` WRITE;
/*!40000 ALTER TABLE `auctionday` DISABLE KEYS */;
INSERT INTO `auctionday` VALUES (1619,'2020-08-03'),(1620,'2019-08-10'),(1621,'2018-08-02'),(1622,'2018-08-01'),(1623,'2018-08-02'),(1624,'2017-08-02');
/*!40000 ALTER TABLE `auctionday` ENABLE KEYS */;
UNLOCK TABLES;

--
-- Table structure for table `cattleauction`
--

DROP TABLE IF EXISTS `cattleauction`;
/*!40101 SET @saved_cs_client     = @@character_set_client */;
/*!50503 SET character_set_client = utf8mb4 */;
CREATE TABLE `cattleauction` (
  `id` char(5) CHARACTER SET utf8 COLLATE utf8_general_ci NOT NULL,
  `auctionId` smallint DEFAULT NULL,
  `startTime` time NOT NULL,
  PRIMARY KEY (`id`),
  KEY `FK_CattleAuction_AuctionDay` (`auctionId`),
  CONSTRAINT `FK_CattleAuction_AuctionDay` FOREIGN KEY (`auctionId`) REFERENCES `auctionday` (`id`)
) ENGINE=InnoDB DEFAULT CHARSET=utf8mb4 COLLATE=utf8mb4_0900_ai_ci;
/*!40101 SET character_set_client = @saved_cs_client */;

--
-- Dumping data for table `cattleauction`
--

LOCK TABLES `cattleauction` WRITE;
/*!40000 ALTER TABLE `cattleauction` DISABLE KEYS */;
INSERT INTO `cattleauction` VALUES ('C1619',1619,'11:00:00'),('C1620',1620,'11:00:00'),('C1621',1621,'11:00:00'),('C1622',1622,'11:30:00');
/*!40000 ALTER TABLE `cattleauction` ENABLE KEYS */;
UNLOCK TABLES;

--
-- Table structure for table `cattlelot`
--

DROP TABLE IF EXISTS `cattlelot`;
/*!40101 SET @saved_cs_client     = @@character_set_client */;
/*!50503 SET character_set_client = utf8mb4 */;
CREATE TABLE `cattlelot` (
  `auctionId` char(5) CHARACTER SET utf8 COLLATE utf8_general_ci NOT NULL,
  `lotNumber` smallint NOT NULL,
  `auctionDay` smallint NOT NULL,
  `seller` smallint NOT NULL,
  `agent` char(10) CHARACTER SET utf8 COLLATE utf8_general_ci NOT NULL,
  `breed` char(20) CHARACTER SET utf8 COLLATE utf8_general_ci NOT NULL,
  `sex` char(1) CHARACTER SET utf8 COLLATE utf8_general_ci NOT NULL,
  `age` tinyint NOT NULL,
  `quantity` tinyint NOT NULL,
  `averageWeight` decimal(6,2) DEFAULT NULL,
  `reserve` decimal(5,2) DEFAULT NULL,
  `auctioneer` char(10) CHARACTER SET utf8 COLLATE utf8_general_ci DEFAULT NULL,
  `buyer` smallint DEFAULT NULL,
  `sellingPricePerKg` decimal(5,2) DEFAULT NULL,
  `lotSellingPrice` decimal(8,2) GENERATED ALWAYS AS (((`quantity` * `averageWeight`) * `sellingPricePerKg`)) VIRTUAL,
  `passedIn` bit(1) DEFAULT NULL,
  PRIMARY KEY (`auctionId`,`lotNumber`),
  KEY `FK_CattleLot_AuctionClientAtAuction_buyer` (`auctionDay`,`buyer`),
  KEY `FK_CattleLot_AuctionClientAtAuction_seller` (`auctionDay`,`seller`),
  KEY `FK_CattleLot_StockAgent_auctioneer` (`auctioneer`),
  KEY `IDX_AgentCattleLot` (`agent`,`seller`,`auctionId`),
  CONSTRAINT `FK_CattleLot_AuctionClientAtAuction_buyer` FOREIGN KEY (`auctionDay`, `buyer`) REFERENCES `auctionclientatauction` (`auctionId`, `clientNumber`),
  CONSTRAINT `FK_CattleLot_AuctionClientAtAuction_seller` FOREIGN KEY (`auctionDay`, `seller`) REFERENCES `auctionclientatauction` (`auctionId`, `clientNumber`),
  CONSTRAINT `FK_CattleLot_CattleAuction` FOREIGN KEY (`auctionId`) REFERENCES `cattleauction` (`id`),
  CONSTRAINT `FK_CattleLot_StockAgent_agent` FOREIGN KEY (`agent`) REFERENCES `stockagent` (`id`),
  CONSTRAINT `FK_CattleLot_StockAgent_auctioneer` FOREIGN KEY (`auctioneer`) REFERENCES `stockagent` (`id`)
) ENGINE=InnoDB DEFAULT CHARSET=utf8mb4 COLLATE=utf8mb4_0900_ai_ci;
/*!40101 SET character_set_client = @saved_cs_client */;

--
-- Dumping data for table `cattlelot`
--

LOCK TABLES `cattlelot` WRITE;
/*!40000 ALTER TABLE `cattlelot` DISABLE KEYS */;
INSERT INTO `cattlelot` (`auctionId`, `lotNumber`, `auctionDay`, `seller`, `agent`, `breed`, `sex`, `age`, `quantity`, `averageWeight`, `reserve`, `auctioneer`, `buyer`, `sellingPricePerKg`, `passedIn`) VALUES ('C1619',1,1619,57,'P_Jan','Angus','B',2,14,1023.00,NULL,'P_Jan',56,3.17,NULL),('C1619',2,1619,65,'P_Bar','Angus X','S',3,2,901.00,NULL,'F_Ral',56,3.01,NULL),('C1619',3,1619,41,'P_Jan','Hereford','B',2,6,861.00,NULL,'P_Jan',61,3.07,NULL),('C1619',4,1619,41,'P_Jan','Angus','B',2,17,980.00,NULL,'P_Jan',65,3.24,NULL),('C1619',5,1619,78,'D_Dav','Angus X','S',2,8,773.00,NULL,'D_Dav',78,2.70,NULL),('C1619',6,1619,86,'F_Shr','Charolais','H',2,11,764.00,NULL,'F_Ral',65,3.12,NULL),('C1619',7,1619,43,'F_Shr','Fresian','H',2,18,786.00,NULL,'F_Mik',54,2.97,NULL),('C1619',8,1619,87,'P_Bar','Fresian X','B',3,3,652.00,NULL,'P_Jan',65,3.07,NULL),('C1619',9,1619,87,'P_Bar','Angus','S',3,12,617.00,NULL,'P_Jan',46,3.00,NULL),('C1619',10,1619,43,'F_Shr','Angus','S',1,2,818.00,NULL,'F_Mik',65,2.82,NULL),('C1619',11,1619,61,'F_Mic','Beef X','S',1,17,841.00,NULL,'F_Mik',74,3.03,NULL),('C1619',12,1619,86,'F_Shr','Angus','S',2,5,956.00,NULL,'F_Ral',62,2.70,NULL),('C1619',13,1619,58,'P_Jan','Angus X','H',2,7,593.00,NULL,'P_Jan',62,3.47,NULL),('C1619',14,1619,39,'F_Ral','Hereford','B',3,12,1004.00,NULL,'F_Ral',65,3.48,NULL),('C1619',15,1619,85,'F_Leo','Angus','S',3,8,572.00,3.09,'F_Mik',77,3.13,NULL),('C1619',16,1619,39,'F_Ral','Angus X','B',3,14,925.00,NULL,'F_Ral',59,2.74,NULL),('C1619',17,1619,39,'F_Ral','Charolais','B',2,6,590.00,NULL,'F_Ral',46,3.16,NULL),('C1619',18,1619,43,'F_Shr','Fresian','S',2,14,1009.00,NULL,'F_Ral',60,3.48,NULL),('C1619',19,1619,77,'F_Don','Fresian X','H',2,11,869.00,NULL,'F_Don',78,2.73,NULL),('C1619',20,1619,60,'D_Dav','Angus','H',2,7,903.00,NULL,'D_Dav',79,2.78,NULL),('C1619',21,1619,74,'F_Don','Angus','B',4,18,1063.00,NULL,'F_Don',78,2.65,NULL),('C1619',22,1619,70,'P_Bar','Angus','S',4,19,1021.00,NULL,'P_Jan',80,2.93,NULL),('C1619',23,1619,87,'P_Bar','Angus X','S',2,4,749.00,NULL,'P_Jan',61,3.24,NULL),('C1619',24,1619,37,'F_Mic','Hereford','S',3,14,627.00,NULL,'F_Don',48,2.89,NULL),('C1619',25,1619,41,'P_Jan','Angus','S',2,8,1018.00,NULL,'P_Jan',56,2.88,NULL),('C1619',26,1619,38,'P_Jan','Angus X','H',2,16,680.00,NULL,'P_Jan',39,3.45,NULL),('C1619',27,1619,85,'F_Leo','Charolais','B',2,6,669.00,NULL,'F_Mik',60,2.90,NULL),('C1619',28,1619,69,'D_Dav','Fresian','S',2,5,675.00,NULL,'D_Dav',61,3.50,NULL),('C1619',29,1619,69,'D_Dav','Fresian X','B',2,9,1007.00,NULL,'D_Dav',61,2.87,NULL),('C1619',30,1619,41,'P_Jan','Angus','B',3,3,996.00,NULL,'P_Jan',66,2.93,NULL),('C1619',31,1619,69,'D_Dav','Angus','S',3,9,850.00,NULL,'D_Dav',62,2.75,NULL),('C1619',32,1619,69,'D_Dav','Angus','H',1,17,894.00,NULL,'D_Dav',59,2.88,NULL),('C1619',33,1619,88,'F_Mik','Angus X','H',1,15,618.00,NULL,'F_Mik',75,2.78,NULL),('C1619',34,1619,58,'P_Jan','Hereford','B',2,12,598.00,NULL,'P_Jan',63,2.66,NULL),('C1619',35,1619,69,'D_Dav','Angus','S',2,6,854.00,NULL,'D_Dav',60,2.63,NULL),('C1619',36,1619,65,'P_Bar','Angus X','S',3,19,1084.00,NULL,'F_Ral',60,3.50,NULL),('C1619',37,1619,87,'P_Bar','Charolais','S',3,4,624.00,NULL,'P_Jan',79,3.29,NULL),('C1619',38,1619,61,'F_Mic','Fresian','S',3,8,659.00,NULL,'F_Mik',66,2.61,NULL),('C1619',39,1619,41,'P_Jan','Fresian X','H',2,7,563.00,3.47,'P_Jan',62,NULL,_binary ''),('C1619',40,1619,58,'P_Jan','Angus','B',2,5,992.00,NULL,'P_Jan',54,2.98,NULL),('C1619',41,1619,60,'D_Dav','Angus','S',2,20,751.00,NULL,'D_Dav',56,2.72,NULL),('C1619',42,1619,42,'F_Don','Angus','B',2,6,677.00,NULL,'F_Don',60,3.16,NULL),('C1619',43,1619,32,'P_Lis','Angus X','B',4,2,829.00,NULL,'P_Jan',79,3.35,NULL),('C1619',44,1619,37,'F_Mic','Hereford','S',2,20,970.00,NULL,'F_Don',74,3.39,NULL),('C1619',45,1619,86,'F_Shr','Angus','H',3,7,545.00,NULL,'F_Mik',80,3.10,NULL),('C1619',46,1619,65,'P_Bar','Angus X','H',2,14,844.00,NULL,'F_Ral',61,2.97,NULL),('C1619',49,1619,101,'F_Dav','Fresian X','S',2,6,694.00,NULL,'F_Mik',62,2.71,NULL),('C1619',50,1619,84,'F_Shr','Angus','S',2,2,949.00,NULL,'F_Ral',62,2.70,NULL),('C1619',51,1619,42,'F_Don','Angus','S',3,9,891.00,NULL,'F_Don',78,3.24,NULL),('C1619',52,1619,42,'F_Don','Angus','H',3,11,688.00,NULL,'F_Don',63,3.36,NULL),('C1619',53,1619,65,'P_Bar','Angus X','B',1,5,677.00,NULL,'F_Ral',65,2.92,NULL),('C1619',54,1619,78,'D_Dav','Hereford','S',1,9,993.00,NULL,'D_Dav',79,2.63,NULL),('C1619',55,1619,43,'F_Shr','Angus','B',2,2,959.00,NULL,'F_Ral',75,2.67,NULL),('C1619',56,1619,87,'P_Bar','Angus X','B',2,1,530.00,NULL,'P_Jan',62,2.83,NULL),('C1619',57,1619,78,'D_Dav','Charolais','S',3,4,602.00,NULL,'D_Dav',61,2.65,NULL),('C1619',58,1619,84,'F_Shr','Fresian','H',3,11,569.00,3.30,'F_Ral',80,NULL,_binary ''),('C1619',59,1619,58,'P_Jan','Fresian X','H',3,14,864.00,NULL,'P_Jan',80,3.06,NULL),('C1619',60,1619,76,'D_Big','Angus','B',2,3,577.00,NULL,'D_Big',62,3.36,NULL),('C1619',61,1619,39,'F_Ral','Angus','S',2,8,617.00,NULL,'F_Ral',48,3.24,NULL),('C1619',62,1619,88,'F_Mik','Angus','S',2,20,558.00,2.47,'F_Mik',61,2.73,NULL),('C1619',63,1619,88,'F_Mik','Angus X','S',2,12,766.00,NULL,'F_Mik',56,3.28,NULL),('C1619',64,1619,85,'F_Leo','Hereford','S',4,5,930.00,NULL,'F_Mik',48,2.82,NULL),('C1619',65,1619,59,'D_Dav','Angus','H',2,16,1100.00,NULL,'D_Dav',64,3.03,NULL),('C1619',66,1619,32,'P_Lis','Angus X','B',3,8,944.00,NULL,'P_Jan',65,3.21,NULL),('C1619',67,1619,101,'F_Dav','Charolais','S',2,5,1088.00,NULL,'F_Mik',77,3.17,NULL),('C1619',68,1619,57,'P_Jan','Fresian','B',2,3,948.00,NULL,'P_Jan',48,3.34,NULL),('C1619',69,1619,60,'D_Dav','Fresian X','B',2,9,520.00,NULL,'D_Dav',79,2.84,NULL),('C1619',70,1619,40,'F_Dav','Angus','S',2,9,867.00,NULL,'F_Don',63,2.71,NULL),('C1619',71,1619,49,'F_Mik','Angus','H',2,4,506.00,NULL,'F_Mik',64,2.96,NULL),('C1619',72,1619,32,'P_Lis','Angus','H',3,5,1065.00,NULL,'P_Jan',61,3.07,NULL),('C1619',73,1619,58,'P_Jan','Angus X','B',3,10,915.00,NULL,'P_Jan',63,2.60,NULL),('C1619',74,1619,65,'P_Bar','Hereford','S',1,4,831.00,NULL,'F_Ral',75,2.72,NULL),('C1619',75,1619,39,'F_Ral','Angus','S',1,14,923.00,NULL,'F_Ral',73,3.00,NULL),('C1619',76,1619,38,'P_Jan','Angus X','S',2,18,653.00,NULL,'P_Jan',60,3.17,NULL),('C1619',77,1619,41,'P_Jan','Charolais','S',2,13,909.00,NULL,'P_Jan',39,2.88,NULL),('C1619',78,1619,58,'P_Jan','Fresian','H',3,7,680.00,NULL,'P_Jan',65,2.92,NULL),('C1619',79,1619,58,'P_Jan','Fresian X','B',3,1,507.00,NULL,'P_Jan',66,3.28,NULL),('C1619',80,1619,39,'F_Ral','Angus','S',3,15,814.00,NULL,'F_Ral',54,3.26,NULL),('C1619',81,1619,61,'F_Mic','Angus','B',2,7,788.00,NULL,'F_Mik',77,3.49,NULL),('C1619',82,1619,43,'F_Shr','Angus','B',2,12,710.00,NULL,'F_Mik',65,3.01,NULL),('C1619',83,1619,43,'F_Shr','Angus X','S',2,3,904.00,NULL,'F_Mik',64,3.45,NULL),('C1619',84,1619,41,'P_Jan','Hereford','H',2,9,568.00,1.61,'P_Jan',65,2.61,NULL),('C1619',85,1619,86,'F_Shr','Angus','H',4,5,876.00,NULL,'F_Ral',63,2.66,NULL),('C1619',86,1619,101,'F_Dav','Angus X','B',2,14,585.00,NULL,'F_Mik',65,3.46,NULL),('C1619',87,1619,43,'F_Shr','Charolais','S',3,20,786.00,NULL,'F_Mik',46,2.88,NULL),('C1619',88,1619,34,'F_Mic','Fresian','S',2,7,985.00,NULL,'F_Don',48,3.25,NULL),('C1619',89,1619,84,'F_Shr','Fresian X','S',2,2,1096.00,NULL,'F_Ral',63,3.04,NULL),('C1619',90,1619,41,'P_Jan','Angus','S',2,11,755.00,NULL,'P_Jan',79,3.16,NULL),('C1619',91,1619,58,'P_Jan','Angus','H',2,9,729.00,NULL,'P_Jan',73,2.93,NULL),('C1619',92,1619,86,'F_Shr','Angus','B',2,2,997.00,NULL,'F_Ral',74,3.21,NULL),('C1619',93,1619,61,'F_Mic','Angus X','S',3,10,583.00,NULL,'F_Mik',61,3.04,NULL),('C1619',94,1619,85,'F_Leo','Hereford','B',3,8,571.00,3.42,'F_Mik',59,3.48,NULL),('C1619',95,1619,69,'D_Dav','Angus','B',1,8,889.00,NULL,'D_Dav',46,3.25,NULL),('C1619',96,1619,65,'P_Bar','Angus X','S',1,14,901.00,NULL,'F_Ral',74,2.91,NULL),('C1619',97,1619,62,'P_Lis','Charolais','H',2,15,923.00,NULL,'P_Jan',59,2.71,NULL),('C1619',98,1619,86,'F_Shr','Fresian','H',2,11,629.00,NULL,'F_Ral',54,3.18,NULL),('C1619',99,1619,60,'D_Dav','Fresian X','B',3,13,576.00,NULL,'D_Dav',80,3.37,NULL),('C1619',101,1619,34,'F_Mic','Angus','S',3,2,789.00,NULL,'F_Don',56,3.09,NULL),('C1619',102,1619,60,'D_Dav','Angus','S',2,4,617.00,NULL,'D_Dav',39,2.97,NULL),('C1619',103,1619,57,'P_Jan','Angus X','S',2,3,1061.00,NULL,'P_Jan',73,2.62,NULL),('C1619',104,1619,40,'F_Dav','Hereford','H',2,2,630.00,NULL,'F_Don',64,3.15,NULL),('C1619',105,1619,40,'F_Dav','Angus','B',2,9,735.00,NULL,'F_Don',75,2.89,NULL),('C1619',106,1619,59,'D_Dav','Angus X','S',4,8,556.00,2.31,'D_Dav',66,2.73,NULL),('C1619',107,1619,39,'F_Ral','Charolais','B',2,15,534.00,NULL,'F_Ral',66,3.39,NULL),('C1619',108,1619,100,'F_Leo','Fresian','B',3,4,950.00,NULL,'F_Don',60,2.74,NULL),('C1619',110,1619,70,'P_Bar','Angus','H',2,20,502.00,NULL,'P_Jan',48,3.44,NULL),('C1619',111,1619,42,'F_Don','Angus','H',2,12,549.00,2.80,'F_Don',46,3.35,NULL),('C1619',112,1619,101,'F_Dav','Angus','B',2,9,733.00,NULL,'F_Mik',62,3.25,NULL),('C1619',113,1619,87,'P_Bar','Angus X','S',2,16,771.00,NULL,'P_Jan',61,2.92,NULL),('C1619',114,1619,57,'P_Jan','Hereford','S',3,19,601.00,NULL,'P_Jan',66,2.78,NULL),('C1619',115,1619,101,'F_Dav','Angus','S',3,20,730.00,NULL,'F_Mik',74,3.16,NULL),('C1619',116,1619,58,'P_Jan','Angus X','S',1,19,931.00,NULL,'P_Jan',74,3.08,NULL),('C1619',117,1619,70,'P_Bar','Charolais','H',1,8,643.00,NULL,'P_Jan',61,3.05,NULL),('C1619',118,1619,74,'F_Don','Fresian','B',2,12,1049.00,NULL,'F_Don',77,2.64,NULL),('C1619',119,1619,39,'F_Ral','Fresian X','S',2,4,614.00,NULL,'F_Ral',65,3.14,NULL),('C1619',121,1619,88,'F_Mik','Angus','B',3,3,634.00,NULL,'F_Mik',54,3.07,NULL),('C1619',122,1619,57,'P_Jan','Angus','S',3,16,987.00,NULL,'P_Jan',62,2.75,NULL),('C1619',123,1619,69,'D_Dav','Angus X','H',2,2,587.00,NULL,'D_Dav',65,3.06,NULL),('C1619',124,1619,38,'P_Jan','Hereford','H',2,4,529.00,NULL,'P_Jan',63,3.41,NULL),('C1619',125,1619,38,'P_Jan','Angus','B',2,16,851.00,NULL,'P_Jan',54,3.25,NULL),('C1619',126,1619,57,'P_Jan','Angus X','S',2,1,983.00,NULL,'P_Jan',48,3.43,NULL),('C1619',127,1619,84,'F_Shr','Charolais','S',4,5,764.00,NULL,'F_Ral',61,3.44,NULL),('C1619',128,1619,41,'P_Jan','Fresian','S',2,3,732.00,NULL,'P_Jan',66,3.11,NULL),('C1619',129,1619,61,'F_Mic','Fresian X','S',3,3,825.00,NULL,'F_Mik',56,3.48,NULL),('C1619',130,1619,87,'P_Bar','Angus','H',2,1,929.00,NULL,'P_Jan',77,2.98,NULL),('C1619',131,1619,59,'D_Dav','Angus','B',2,3,548.00,1.83,'D_Dav',59,2.77,NULL),('C1619',132,1619,40,'F_Dav','Angus','S',2,4,673.00,NULL,'F_Don',66,2.86,NULL),('C1619',133,1619,88,'F_Mik','Angus X','B',2,7,804.00,NULL,'F_Mik',63,2.83,NULL),('C1619',134,1619,43,'F_Shr','Hereford','B',2,2,655.00,NULL,'F_Mik',78,2.62,NULL),('C1619',135,1619,69,'D_Dav','Angus','S',3,15,536.00,NULL,'D_Dav',62,2.70,NULL),('C1619',136,1619,88,'F_Mik','Angus X','H',3,10,687.00,NULL,'F_Mik',66,3.30,NULL),('C1619',137,1619,84,'F_Shr','Charolais','H',1,18,611.00,NULL,'F_Ral',73,3.17,NULL),('C1619',138,1619,39,'F_Ral','Fresian','B',1,2,1035.00,NULL,'F_Ral',66,3.38,NULL),('C1619',139,1619,65,'P_Bar','Fresian X','S',2,9,703.00,NULL,'F_Ral',77,2.95,NULL),('C1619',140,1619,70,'P_Bar','Angus','S',2,8,790.00,NULL,'P_Jan',46,2.85,NULL),('C1619',141,1619,38,'P_Jan','Angus','S',3,5,985.00,NULL,'P_Jan',63,2.82,NULL),('C1619',142,1619,87,'P_Bar','Angus','S',3,6,685.00,NULL,'P_Jan',66,3.26,NULL),('C1619',143,1619,41,'P_Jan','Angus X','H',3,20,505.00,NULL,'P_Jan',61,3.13,NULL),('C1619',144,1619,43,'F_Shr','Hereford','B',2,3,945.00,NULL,'F_Ral',61,2.66,NULL),('C1619',145,1619,86,'F_Shr','Angus','S',2,9,669.00,NULL,'F_Ral',39,2.94,NULL),('C1619',146,1619,65,'P_Bar','Angus X','B',2,7,726.00,NULL,'F_Ral',77,3.25,NULL),('C1619',147,1619,43,'F_Shr','Charolais','B',2,9,877.00,NULL,'F_Mik',61,3.18,NULL),('C1619',148,1619,85,'F_Leo','Fresian','S',4,5,914.00,NULL,'F_Mik',79,3.14,NULL),('C1619',149,1619,42,'F_Don','Fresian X','H',2,2,1004.00,NULL,'F_Don',56,2.92,NULL),('C1619',150,1619,40,'F_Dav','Angus','H',3,20,952.00,NULL,'F_Don',61,2.80,NULL),('C1619',151,1619,38,'P_Jan','Angus','B',2,20,689.00,NULL,'P_Jan',65,2.61,NULL),('C1619',152,1619,43,'F_Shr','Angus','S',2,13,614.00,NULL,'F_Mik',61,3.36,NULL),('C1619',153,1619,101,'F_Dav','Angus X','S',2,1,662.00,NULL,'F_Mik',79,3.04,NULL),('C1619',154,1619,39,'F_Ral','Hereford','S',2,3,723.00,NULL,'F_Ral',62,3.25,NULL),('C1619',155,1619,77,'F_Don','Angus','S',2,13,912.00,NULL,'F_Don',80,2.97,NULL),('C1619',156,1619,58,'P_Jan','Angus X','H',3,15,994.00,NULL,'P_Jan',74,3.24,NULL),('C1619',157,1619,40,'F_Dav','Charolais','B',3,15,834.00,NULL,'F_Don',73,3.43,NULL),('C1619',158,1619,58,'P_Jan','Fresian','S',1,5,816.00,NULL,'P_Jan',66,3.29,NULL),('C1619',159,1619,78,'D_Dav','Fresian X','B',1,7,1019.00,NULL,'D_Dav',75,2.62,NULL),('C1619',160,1619,61,'F_Mic','Angus','B',2,17,1088.00,NULL,'F_Mik',54,2.62,NULL),('C1619',161,1619,59,'D_Dav','Angus','S',2,4,930.00,NULL,'D_Dav',56,3.13,NULL),('C1619',162,1619,101,'F_Dav','Angus','H',3,12,611.00,NULL,'F_Mik',61,3.19,NULL),('C1619',163,1619,32,'P_Lis','Angus X','H',3,4,1068.00,NULL,'P_Jan',65,2.73,NULL),('C1619',164,1619,86,'F_Shr','Hereford','B',3,16,860.00,NULL,'F_Ral',39,2.99,NULL),('C1619',165,1619,41,'P_Jan','Angus','S',2,12,981.00,NULL,'P_Jan',60,3.46,NULL),('C1619',166,1619,74,'F_Don','Angus X','S',2,10,582.00,NULL,'F_Don',64,3.43,NULL),('C1619',167,1619,49,'F_Mik','Charolais','S',2,15,582.00,NULL,'F_Mik',60,2.68,NULL),('C1619',168,1619,60,'D_Dav','Fresian','S',2,10,1063.00,NULL,'D_Dav',61,2.87,NULL),('C1619',169,1619,85,'F_Leo','Fresian X','H',4,4,1070.00,NULL,'F_Mik',74,3.42,NULL),('C1619',170,1619,34,'F_Mic','Angus','B',2,2,573.00,1.99,'F_Don',56,2.88,NULL),('C1619',171,1619,78,'D_Dav','Angus','S',3,4,996.00,NULL,'D_Dav',66,2.78,NULL),('C1619',172,1619,74,'F_Don','Angus','B',2,2,718.00,NULL,'F_Don',66,2.77,NULL),('C1619',173,1619,43,'F_Shr','Angus X','B',2,11,855.00,NULL,'F_Mik',46,3.38,NULL),('C1619',174,1619,43,'F_Shr','Hereford','S',2,18,503.00,NULL,'F_Mik',75,2.94,NULL),('C1619',175,1619,100,'F_Leo','Angus','H',2,13,656.00,NULL,'F_Don',78,2.83,NULL),('C1619',176,1619,38,'P_Jan','Angus X','H',2,11,526.00,NULL,'P_Jan',46,3.18,NULL),('C1619',177,1619,76,'D_Big','Charolais','B',3,8,560.00,2.49,'D_Big',48,2.64,NULL),('C1619',178,1619,88,'F_Mik','Fresian','S',3,18,815.00,NULL,'F_Mik',78,2.85,NULL),('C1619',179,1619,58,'P_Jan','Fresian X','S',1,1,731.00,NULL,'P_Jan',75,3.39,NULL),('C1619',180,1619,86,'F_Shr','Angus','S',1,6,1092.00,NULL,'F_Ral',62,2.71,NULL),('C1619',181,1619,85,'F_Leo','Angus','S',2,13,678.00,NULL,'F_Mik',60,3.50,NULL),('C1619',182,1619,61,'F_Mic','Angus','H',2,5,559.00,3.01,'F_Mik',66,NULL,_binary ''),('C1619',183,1619,69,'D_Dav','Angus X','B',3,3,1024.00,NULL,'D_Dav',74,2.84,NULL),('C1619',184,1619,37,'F_Mic','Hereford','S',3,19,528.00,NULL,'F_Mik',59,3.38,NULL),('C1619',185,1619,43,'F_Shr','Angus','B',3,4,739.00,NULL,'F_Mik',79,3.34,NULL),('C1619',186,1619,58,'P_Jan','Angus X','B',2,10,882.00,NULL,'P_Jan',77,3.15,NULL),('C1619',187,1619,49,'F_Mik','Charolais','S',2,2,1074.00,NULL,'F_Mik',78,2.70,NULL),('C1619',188,1619,69,'D_Dav','Fresian','H',2,3,977.00,NULL,'D_Dav',63,3.45,NULL),('C1619',189,1619,77,'F_Don','Fresian X','H',2,2,1017.00,NULL,'F_Don',39,3.27,NULL),('C1619',190,1619,78,'D_Dav','Angus','B',4,17,880.00,NULL,'D_Dav',61,2.64,NULL),('C1619',191,1619,58,'P_Jan','Angus','S',2,13,945.00,NULL,'P_Jan',61,3.43,NULL),('C1619',192,1619,76,'D_Big','Angus','S',3,16,520.00,NULL,'D_Big',61,2.92,NULL),('C1619',193,1619,76,'D_Big','Angus X','S',2,7,1034.00,NULL,'D_Big',79,3.21,NULL),('C1619',194,1619,74,'F_Don','Hereford','S',2,5,1055.00,NULL,'F_Don',79,2.87,NULL),('C1619',195,1619,62,'P_Lis','Angus','H',2,13,693.00,NULL,'P_Jan',46,2.77,NULL),('C1619',196,1619,65,'P_Bar','Angus X','B',2,9,1024.00,NULL,'F_Ral',61,3.28,NULL),('C1619',197,1619,100,'F_Leo','Charolais','S',2,15,726.00,NULL,'F_Don',63,2.96,NULL),('C1619',198,1619,62,'P_Lis','Fresian','B',3,3,675.00,NULL,'P_Jan',56,2.73,NULL),('C1619',199,1619,41,'P_Jan','Fresian X','B',3,9,513.00,NULL,'P_Jan',46,3.20,NULL),('C1619',200,1619,69,'D_Dav','Angus','S',1,9,615.00,NULL,'D_Dav',65,3.30,NULL),('C1619',201,1619,62,'P_Lis','Angus','H',1,15,888.00,NULL,'P_Jan',77,2.75,NULL),('C1619',202,1619,61,'F_Mic','Angus','H',2,4,671.00,NULL,'F_Mik',61,3.00,NULL),('C1619',203,1619,60,'D_Dav','Angus X','B',2,9,979.00,NULL,'D_Dav',75,2.79,NULL),('C1619',204,1619,88,'F_Mik','Hereford','S',3,2,516.00,NULL,'F_Mik',79,2.91,NULL),('C1619',205,1619,41,'P_Jan','Angus','S',3,7,516.00,NULL,'P_Jan',75,3.20,NULL),('C1619',206,1619,100,'F_Leo','Angus X','S',3,7,615.00,NULL,'F_Mik',61,3.41,NULL),('C1619',207,1619,57,'P_Jan','Charolais','S',2,4,771.00,NULL,'P_Jan',61,2.72,NULL),('C1619',208,1619,74,'F_Don','Fresian','H',2,12,729.00,NULL,'F_Don',54,3.44,NULL),('C1619',209,1619,32,'P_Lis','Fresian X','B',2,5,949.00,NULL,'P_Jan',73,2.82,NULL),('C1619',210,1619,37,'F_Mic','Angus','S',2,19,895.00,NULL,'F_Don',46,3.16,NULL),('C1619',211,1619,87,'P_Bar','Angus','B',4,17,658.00,NULL,'P_Jan',63,2.92,NULL),('C1619',212,1619,43,'F_Shr','Angus','B',2,2,908.00,NULL,'F_Ral',79,3.06,NULL),('C1619',213,1619,87,'P_Bar','Angus X','S',3,9,862.00,NULL,'P_Jan',78,3.34,NULL),('C1619',214,1619,76,'D_Big','Hereford','H',2,19,759.00,NULL,'D_Big',75,3.20,NULL),('C1619',215,1619,87,'P_Bar','Angus','H',2,10,1008.00,NULL,'P_Jan',56,2.73,NULL),('C1619',216,1619,84,'F_Shr','Angus X','B',2,7,909.00,NULL,'F_Ral',59,2.94,NULL),('C1619',217,1619,40,'F_Dav','Charolais','S',2,3,833.00,NULL,'F_Don',73,2.85,NULL),('C1619',218,1619,37,'F_Mic','Fresian','S',2,10,829.00,NULL,'F_Don',39,3.06,NULL),('C1619',219,1619,57,'P_Jan','Fresian X','S',3,7,1049.00,NULL,'P_Jan',73,2.63,NULL),('C1619',220,1619,70,'P_Bar','Angus','S',3,4,984.00,NULL,'P_Jan',46,2.84,NULL),('C1619',221,1619,38,'P_Jan','Angus','H',1,20,777.00,NULL,'P_Jan',66,2.81,NULL),('C1619',222,1619,37,'F_Mic','Angus','B',1,8,906.00,NULL,'F_Don',39,3.38,NULL),('C1619',223,1619,61,'F_Mic','Angus X','S',2,4,529.00,NULL,'F_Mik',64,2.66,NULL),('C1619',224,1619,32,'P_Lis','Hereford','B',2,5,895.00,NULL,'P_Jan',60,3.41,NULL),('C1619',225,1619,49,'F_Mik','Angus','B',3,7,787.00,NULL,'F_Mik',64,3.18,NULL),('C1619',226,1619,39,'F_Ral','Angus X','S',3,9,911.00,NULL,'F_Ral',65,3.22,NULL),('C1619',227,1619,38,'P_Jan','Charolais','H',3,4,673.00,NULL,'P_Jan',59,2.99,NULL),('C1619',228,1619,43,'F_Shr','Fresian','H',2,4,967.00,NULL,'F_Ral',80,2.73,NULL),('C1619',229,1619,62,'P_Lis','Fresian X','B',2,10,866.00,NULL,'P_Jan',56,2.69,NULL),('C1619',230,1619,65,'P_Bar','Angus','S',2,4,796.00,NULL,'F_Ral',79,2.83,NULL),('C1619',231,1619,88,'F_Mik','Angus','S',2,9,631.00,NULL,'F_Mik',56,2.76,NULL),('C1619',232,1619,40,'F_Dav','Angus','S',4,17,777.00,NULL,'F_Don',62,3.47,NULL),('C1619',233,1619,74,'F_Don','Angus X','S',2,7,826.00,NULL,'F_Don',59,3.01,NULL),('C1619',234,1619,60,'D_Dav','Hereford','H',3,6,546.00,2.76,'D_Dav',63,3.35,NULL),('C1619',235,1619,85,'F_Leo','Angus','B',2,2,797.00,NULL,'F_Mik',39,3.09,NULL),('C1619',236,1619,40,'F_Dav','Angus X','S',2,14,752.00,NULL,'F_Don',73,3.47,NULL),('C1619',237,1619,39,'F_Ral','Charolais','B',2,1,878.00,NULL,'F_Ral',61,3.00,NULL),('C1619',238,1619,78,'D_Dav','Fresian','B',2,10,609.00,NULL,'D_Dav',65,3.29,NULL),('C1619',239,1619,101,'F_Dav','Fresian X','S',2,7,512.00,NULL,'F_Mik',66,2.90,NULL),('C1619',240,1619,70,'P_Bar','Angus','H',3,17,1087.00,NULL,'P_Jan',77,2.93,NULL),('C1619',241,1619,59,'D_Dav','Angus','H',3,8,753.00,NULL,'D_Dav',78,3.39,NULL),('C1619',242,1619,41,'P_Jan','Angus','B',1,9,564.00,2.86,'P_Jan',46,3.46,NULL),('C1619',243,1619,62,'P_Lis','Angus X','S',1,8,1096.00,NULL,'P_Jan',46,2.99,NULL),('C1619',244,1619,59,'D_Dav','Hereford','S',2,7,887.00,NULL,'D_Dav',78,2.86,NULL),('C1619',245,1619,42,'F_Don','Angus','S',2,15,545.00,2.29,'F_Don',56,3.28,NULL),('C1619',246,1619,87,'P_Bar','Angus X','S',3,5,650.00,NULL,'P_Jan',54,3.03,NULL),('C1619',247,1619,38,'P_Jan','Charolais','H',3,7,767.00,NULL,'P_Jan',64,2.75,NULL),('C1619',248,1619,41,'P_Jan','Fresian','B',3,4,922.00,NULL,'P_Jan',73,3.05,NULL),('C1619',249,1619,40,'F_Dav','Fresian X','S',2,13,607.00,NULL,'F_Don',39,2.80,NULL),('C1619',250,1619,58,'P_Jan','Angus','B',2,9,526.00,NULL,'P_Jan',75,3.27,NULL),('C1619',251,1619,85,'F_Leo','Angus','B',2,3,1032.00,NULL,'F_Mik',62,2.97,NULL),('C1619',252,1619,41,'P_Jan','Beef X','S',2,4,736.00,NULL,'P_Jan',66,3.32,NULL),('C1619',253,1619,59,'D_Dav','Angus','H',4,4,699.00,NULL,'D_Dav',77,2.78,NULL),('C1619',254,1619,88,'F_Mik','Angus X','H',4,20,970.00,NULL,'F_Mik',54,2.65,NULL),('C1619',255,1619,57,'P_Jan','Hereford','B',2,16,885.00,NULL,'P_Jan',77,2.67,NULL),('C1619',256,1619,38,'P_Jan','Angus','S',3,5,955.00,NULL,'P_Jan',61,2.90,NULL),('C1619',257,1619,76,'D_Big','Angus X','S',2,8,974.00,NULL,'D_Big',61,3.11,NULL),('C1619',258,1619,60,'D_Dav','Charolais','S',2,8,872.00,NULL,'D_Dav',56,2.77,NULL),('C1619',259,1619,84,'F_Shr','Fresian','S',2,15,611.00,NULL,'F_Ral',39,2.82,NULL),('C1619',260,1619,61,'F_Mic','Fresian X','H',2,10,758.00,NULL,'F_Mik',75,3.23,NULL),('C1619',261,1619,38,'P_Jan','Angus','B',2,8,796.00,NULL,'P_Jan',80,3.34,NULL),('C1619',262,1619,39,'F_Ral','Angus','S',3,10,926.00,NULL,'F_Ral',66,3.50,NULL),('C1619',263,1619,70,'P_Bar','Beef X','B',3,2,929.00,NULL,'P_Jan',74,2.82,NULL),('C1619',264,1619,76,'D_Big','Beef X','B',1,8,737.00,NULL,'D_Big',61,3.04,NULL),('C1619',265,1619,74,'F_Don','Beef X','S',1,5,937.00,NULL,'F_Don',66,2.69,NULL),('C1620',1,1620,57,'P_Jan','Angus X','B',1,13,656.00,NULL,'P_Jan',65,2.98,_binary '\0'),('C1620',2,1620,65,'P_Bar','Angus','H',3,9,862.00,NULL,'P_Jan',62,3.43,_binary '\0'),('C1620',3,1620,41,'P_Jan','Angus','S',2,8,560.00,2.49,'P_Jan',46,3.24,_binary '\0'),('C1620',4,1620,41,'P_Jan','Hereford','B',2,8,889.00,NULL,'P_Jan',56,2.80,_binary '\0'),('C1620',5,1620,78,'D_Dav','Charolais','B',3,7,545.00,NULL,'D_Dav',39,3.04,_binary '\0'),('C1620',6,1620,86,'F_Shr','Fresian','S',2,11,869.00,NULL,'F_Ral',61,3.07,_binary '\0'),('C1620',7,1620,43,'F_Shr','Angus','S',2,17,777.00,NULL,'F_Mik',54,3.05,_binary '\0'),('C1620',8,1620,87,'P_Bar','Angus','S',3,20,505.00,NULL,'P_Jan',75,2.96,_binary '\0'),('C1620',9,1620,87,'P_Bar','Charolais','S',2,20,502.00,NULL,'P_Jan',65,3.16,_binary '\0'),('C1620',10,1620,43,'F_Shr','Angus X','S',2,4,624.00,NULL,'F_Mik',60,3.10,_binary '\0'),('C1620',11,1620,61,'F_Mic','Charolais','S',3,14,864.00,NULL,'F_Mik',66,3.18,_binary '\0'),('C1620',12,1620,86,'F_Shr','Angus','B',2,7,788.00,3.40,'F_Ral',75,NULL,_binary ''),('C1620',13,1620,58,'P_Jan','Angus X','H',2,10,582.00,NULL,'P_Jan',39,3.46,_binary '\0'),('C1620',14,1620,39,'F_Ral','Hereford','S',2,14,627.00,NULL,'F_Ral',62,3.18,_binary '\0'),('C1620',15,1620,85,'F_Leo','Angus X','H',3,13,945.00,NULL,'F_Mik',65,3.43,_binary '\0'),('C1620',16,1620,39,'F_Ral','Fresian','S',2,15,923.00,NULL,'F_Ral',64,2.78,_binary '\0'),('C1620',17,1620,39,'F_Ral','Angus X','S',3,3,723.00,NULL,'F_Ral',63,2.75,_binary '\0'),('C1620',18,1620,43,'F_Shr','Angus','S',2,3,675.00,NULL,'F_Ral',54,2.99,_binary '\0'),('C1620',19,1620,77,'F_Don','Angus','S',3,12,766.00,NULL,'F_Don',80,2.88,_binary '\0'),('C1620',20,1620,60,'D_Dav','Fresian X','B',3,20,751.00,NULL,'D_Dav',77,2.92,_binary '\0'),('C1620',21,1620,74,'F_Don','Hereford','S',2,11,629.00,NULL,'F_Don',74,2.97,_binary '\0'),('C1620',22,1620,70,'P_Bar','Angus X','S',2,2,1017.00,NULL,'P_Jan',61,3.35,_binary '\0'),('C1620',23,1620,87,'P_Bar','Beef X','S',1,2,901.00,3.20,'P_Jan',54,NULL,_binary ''),('C1620',24,1620,37,'F_Mic','Fresian X','B',2,3,996.00,NULL,'F_Don',59,3.13,_binary '\0'),('C1620',25,1620,41,'P_Jan','Angus','S',2,18,611.00,NULL,'P_Jan',66,3.12,_binary '\0'),('C1620',26,1620,38,'P_Jan','Fresian X','S',1,10,687.00,NULL,'P_Jan',74,2.74,_binary '\0'),('C1620',27,1620,85,'F_Leo','Fresian X','S',2,3,904.00,NULL,'F_Mik',46,2.85,_binary '\0'),('C1620',28,1620,69,'D_Dav','Angus','S',3,4,673.00,NULL,'D_Dav',60,2.73,_binary '\0'),('C1620',29,1620,69,'D_Dav','Fresian X','S',2,9,631.00,NULL,'D_Dav',66,3.24,_binary '\0'),('C1620',30,1620,41,'P_Jan','Angus X','H',2,11,855.00,NULL,'P_Jan',64,2.71,_binary '\0'),('C1620',31,1620,69,'D_Dav','Fresian','H',2,2,630.00,NULL,'D_Dav',61,3.44,_binary '\0'),('C1620',32,1620,69,'D_Dav','Hereford','S',2,4,614.00,NULL,'D_Dav',79,3.08,_binary '\0'),('C1620',33,1620,88,'F_Mik','Hereford','H',2,5,1055.00,NULL,'F_Mik',61,3.16,_binary '\0'),('C1620',34,1620,58,'P_Jan','Fresian X','H',2,7,909.00,NULL,'P_Jan',75,3.45,_binary '\0'),('C1620',35,1620,69,'D_Dav','Fresian','B',3,5,1065.00,NULL,'D_Dav',64,2.93,_binary '\0'),('C1620',36,1620,65,'P_Bar','Fresian X','H',4,13,678.00,3.01,'F_Ral',56,NULL,_binary ''),('C1620',37,1620,87,'P_Bar','Angus X','S',2,7,787.00,NULL,'P_Jan',60,3.25,_binary '\0'),('C1620',38,1620,61,'F_Mic','Angus','S',2,17,1088.00,NULL,'F_Mik',62,3.24,_binary '\0'),('C1620',39,1620,41,'P_Jan','Angus','B',2,16,987.00,NULL,'P_Jan',56,2.84,_binary '\0'),('C1620',40,1620,58,'P_Jan','Angus','S',3,12,1004.00,NULL,'P_Jan',61,3.22,_binary '\0'),('C1620',41,1620,60,'D_Dav','Fresian','S',3,3,1024.00,NULL,'D_Dav',63,3.44,_binary '\0'),('C1620',42,1620,42,'F_Don','Fresian','B',2,9,867.00,NULL,'F_Don',66,3.18,_binary '\0'),('C1620',43,1620,32,'P_Lis','Angus X','B',2,1,530.00,NULL,'P_Jan',46,2.96,_binary '\0'),('C1620',44,1620,37,'F_Mic','Charolais','H',2,17,658.00,NULL,'F_Don',46,3.37,_binary '\0'),('C1620',45,1620,86,'F_Shr','Angus X','B',2,4,602.00,NULL,'F_Mik',60,2.94,_binary '\0'),('C1620',46,1620,65,'P_Bar','Angus','B',3,9,669.00,NULL,'P_Jan',39,2.86,_binary '\0'),('C1620',49,1620,101,'F_Dav','Angus','B',4,19,601.00,NULL,'F_Mik',39,2.83,_binary '\0'),('C1620',50,1620,84,'F_Shr','Angus','H',1,11,526.00,NULL,'F_Ral',59,2.64,_binary '\0'),('C1620',51,1620,42,'F_Don','Angus','S',3,4,984.00,NULL,'F_Don',79,3.28,_binary '\0'),('C1620',52,1620,42,'F_Don','Angus','H',3,10,1008.00,NULL,'F_Don',79,3.21,_binary '\0'),('C1620',53,1620,65,'P_Bar','Angus','H',4,8,617.00,NULL,'P_Jan',61,2.88,_binary '\0'),('C1620',54,1620,78,'D_Dav','Angus X','S',2,16,520.00,NULL,'D_Dav',54,2.92,_binary '\0'),('C1620',55,1620,43,'F_Shr','Angus','H',3,7,563.00,2.77,'F_Ral',77,2.78,_binary '\0'),('C1620',56,1620,87,'P_Bar','Fresian X','H',2,16,771.00,NULL,'P_Jan',46,2.60,_binary '\0'),('C1620',57,1620,78,'D_Dav','Angus X','S',3,13,614.00,NULL,'D_Dav',78,3.25,_binary '\0'),('C1620',58,1620,84,'F_Shr','Angus X','S',2,15,994.00,NULL,'F_Ral',60,2.92,_binary '\0'),('C1620',59,1620,58,'P_Jan','Angus X','S',1,3,1061.00,NULL,'P_Jan',75,3.36,_binary '\0'),('C1620',60,1620,76,'D_Big','Hereford','B',2,1,507.00,NULL,'D_Big',66,3.06,_binary '\0'),('C1620',61,1620,39,'F_Ral','Fresian X','B',3,2,1035.00,NULL,'F_Ral',62,2.73,_binary '\0'),('C1620',62,1620,88,'F_Mik','Angus','S',2,6,590.00,NULL,'F_Mik',75,3.14,_binary '\0'),('C1620',63,1620,88,'F_Mik','Hereford','B',2,9,735.00,NULL,'F_Mik',56,2.98,_binary '\0'),('C1620',64,1620,85,'F_Leo','Fresian','S',2,17,880.00,NULL,'F_Mik',62,2.73,_binary '\0'),('C1620',65,1620,59,'D_Dav','Angus X','S',2,9,520.00,NULL,'D_Dav',80,2.74,_binary '\0'),('C1620',66,1620,32,'P_Lis','Angus','H',2,5,1088.00,NULL,'P_Jan',48,2.70,_binary '\0'),('C1620',67,1620,101,'F_Dav','Fresian X','S',2,5,675.00,NULL,'F_Mik',61,2.65,_binary '\0'),('C1620',68,1620,57,'P_Jan','Angus','H',2,7,903.00,NULL,'P_Jan',63,2.79,_binary '\0'),('C1620',69,1620,60,'D_Dav','Fresian','S',1,4,1070.00,NULL,'D_Dav',65,2.94,_binary '\0'),('C1620',70,1620,40,'F_Dav','Angus','B',2,5,677.00,NULL,'F_Don',56,3.17,_binary '\0'),('C1620',71,1620,49,'F_Mik','Fresian','S',2,8,643.00,NULL,'F_Mik',74,3.36,_binary '\0'),('C1620',72,1620,32,'P_Lis','Angus X','S',1,9,850.00,NULL,'P_Jan',65,3.01,_binary '\0'),('C1620',73,1620,58,'P_Jan','Angus','S',1,19,931.00,NULL,'P_Jan',56,2.97,_binary '\0'),('C1620',74,1620,65,'P_Bar','Angus','S',2,12,549.00,2.80,'P_Jan',80,3.16,_binary '\0'),('C1620',75,1620,39,'F_Ral','Angus','H',3,9,979.00,NULL,'F_Ral',79,2.72,_binary '\0'),('C1620',76,1620,38,'P_Jan','Hereford','B',3,4,671.00,NULL,'P_Jan',79,3.07,_binary '\0'),('C1620',77,1620,41,'P_Jan','Angus X','S',2,7,1034.00,NULL,'P_Jan',62,3.16,_binary '\0'),('C1620',78,1620,58,'P_Jan','Angus','S',2,17,841.00,NULL,'P_Jan',80,2.65,_binary '\0'),('C1620',79,1620,58,'P_Jan','Charolais','B',2,5,895.00,NULL,'P_Jan',78,2.83,_binary '\0'),('C1620',80,1620,39,'F_Ral','Angus','H',2,4,967.00,NULL,'F_Ral',65,3.34,_binary '\0'),('C1620',81,1620,61,'F_Mic','Charolais','S',2,3,977.00,NULL,'F_Mik',56,3.38,_binary '\0'),('C1620',82,1620,43,'F_Shr','Angus','B',1,8,773.00,NULL,'F_Mik',65,2.73,_binary '\0'),('C1620',83,1620,43,'F_Shr','Charolais','H',3,2,573.00,1.99,'F_Mik',66,3.29,_binary '\0'),('C1620',84,1620,41,'P_Jan','Angus X','S',3,7,826.00,NULL,'P_Jan',59,2.83,_binary '\0'),('C1620',85,1620,86,'F_Shr','Angus','B',2,4,529.00,NULL,'F_Ral',65,2.64,_binary '\0'),('C1620',86,1620,101,'F_Dav','Angus X','S',4,17,894.00,NULL,'F_Mik',39,2.83,_binary '\0'),('C1620',87,1620,43,'F_Shr','Angus X','S',3,4,739.00,NULL,'F_Mik',61,3.39,_binary '\0'),('C1620',88,1620,34,'F_Mic','Fresian X','H',2,2,789.00,NULL,'F_Don',77,3.06,_binary '\0'),('C1620',89,1620,84,'F_Shr','Angus','S',2,18,815.00,NULL,'F_Ral',60,3.41,_binary '\0'),('C1620',90,1620,41,'P_Jan','Fresian','H',3,13,912.00,NULL,'P_Jan',48,3.04,_binary '\0'),('C1620',91,1620,58,'P_Jan','Charolais','S',3,12,710.00,NULL,'P_Jan',56,2.84,_binary '\0'),('C1620',92,1620,86,'F_Shr','Angus','H',2,4,930.00,NULL,'F_Ral',66,2.77,_binary '\0'),('C1620',93,1620,61,'F_Mic','Fresian X','B',2,7,804.00,NULL,'F_Mik',61,2.77,_binary '\0'),('C1620',94,1620,85,'F_Leo','Hereford','S',4,6,669.00,NULL,'F_Mik',61,3.41,_binary '\0'),('C1620',95,1620,69,'D_Dav','Hereford','H',2,9,993.00,NULL,'D_Dav',73,3.45,_binary '\0'),('C1620',96,1620,65,'P_Bar','Fresian X','B',3,5,914.00,NULL,'P_Jan',60,3.16,_binary '\0'),('C1620',97,1620,62,'P_Lis','Fresian','B',2,5,956.00,NULL,'P_Jan',75,2.87,_binary '\0'),('C1620',98,1620,86,'F_Shr','Angus X','H',3,15,534.00,NULL,'F_Ral',78,3.25,_binary '\0'),('C1620',99,1620,60,'D_Dav','Angus','B',1,3,948.00,NULL,'D_Dav',62,3.17,_binary '\0'),('C1620',101,1620,34,'F_Mic','Fresian','S',3,15,582.00,NULL,'F_Don',62,3.21,_binary '\0'),('C1620',102,1620,60,'D_Dav','Charolais','B',2,3,548.00,1.83,'D_Dav',60,3.47,_binary '\0'),('C1620',103,1620,57,'P_Jan','Angus','S',3,4,771.00,NULL,'P_Jan',56,3.30,_binary '\0'),('C1620',104,1620,40,'F_Dav','Fresian','S',2,20,689.00,NULL,'F_Don',75,2.68,_binary '\0'),('C1620',105,1620,40,'F_Dav','Angus X','S',2,18,653.00,NULL,'F_Don',65,2.69,_binary '\0'),('C1620',106,1620,59,'D_Dav','Angus X','H',2,9,615.00,NULL,'D_Dav',39,3.29,_binary '\0'),('C1620',107,1620,39,'F_Ral','Hereford','S',3,20,952.00,NULL,'F_Ral',46,2.84,_binary '\0'),('C1620',108,1620,100,'F_Leo','Angus','S',2,8,790.00,NULL,'F_Don',65,3.28,_binary '\0'),('C1620',110,1620,70,'P_Bar','Angus','H',1,19,1021.00,NULL,'P_Jan',80,2.62,_binary '\0'),('C1620',111,1620,42,'F_Don','Fresian X','B',2,4,506.00,NULL,'F_Don',77,3.20,_binary '\0'),('C1620',112,1620,101,'F_Dav','Angus','B',2,15,618.00,NULL,'F_Mik',59,3.34,_binary '\0'),('C1620',113,1620,87,'P_Bar','Angus','S',3,8,571.00,3.42,'P_Jan',54,3.47,_binary '\0'),('C1620',114,1620,57,'P_Jan','Charolais','B',2,1,983.00,NULL,'P_Jan',77,2.78,_binary '\0'),('C1620',115,1620,101,'F_Dav','Angus','H',2,9,1024.00,NULL,'F_Mik',61,2.67,_binary '\0'),('C1620',116,1620,58,'P_Jan','Charolais','B',2,4,950.00,NULL,'P_Jan',74,2.63,_binary '\0'),('C1620',117,1620,70,'P_Bar','Angus','B',3,9,733.00,NULL,'P_Jan',63,2.70,_binary '\0'),('C1620',118,1620,74,'F_Don','Angus X','S',2,6,861.00,NULL,'F_Don',61,3.38,_binary '\0'),('C1620',119,1620,39,'F_Ral','Angus','S',3,7,516.00,NULL,'F_Ral',74,2.61,_binary '\0'),('C1620',121,1620,88,'F_Mik','Angus','H',2,19,528.00,NULL,'F_Mik',61,2.75,_binary '\0'),('C1620',122,1620,57,'P_Jan','Angus','S',1,16,680.00,NULL,'P_Jan',79,3.06,_binary '\0'),('C1620',123,1620,69,'D_Dav','Angus X','H',2,7,615.00,NULL,'D_Dav',79,2.62,_binary '\0'),('C1620',124,1620,38,'P_Jan','Fresian X','B',1,8,556.00,2.31,'P_Jan',66,3.45,_binary '\0'),('C1620',125,1620,38,'P_Jan','Angus','B',3,3,634.00,NULL,'P_Jan',48,3.48,_binary '\0'),('C1620',126,1620,57,'P_Jan','Angus X','B',2,5,992.00,NULL,'P_Jan',46,3.26,_binary '\0'),('C1620',127,1620,84,'F_Shr','Angus X','S',2,8,944.00,NULL,'F_Ral',46,3.18,_binary '\0'),('C1620',128,1620,41,'P_Jan','Angus X','S',2,4,749.00,NULL,'P_Jan',77,3.06,_binary '\0'),('C1620',129,1620,61,'F_Mic','Angus X','B',2,11,764.00,NULL,'F_Mik',79,2.63,_binary '\0'),('C1620',130,1620,87,'P_Bar','Angus X','B',4,3,577.00,NULL,'P_Jan',66,2.71,_binary '\0'),('C1620',131,1620,59,'D_Dav','Angus','S',2,9,729.00,NULL,'D_Dav',59,2.78,_binary '\0'),('C1620',132,1620,40,'F_Dav','Angus','S',2,20,786.00,NULL,'F_Don',61,2.87,_binary '\0'),('C1620',133,1620,88,'F_Mik','Fresian X','H',2,2,1074.00,NULL,'F_Mik',48,2.62,_binary '\0'),('C1620',134,1620,43,'F_Shr','Charolais','S',2,10,583.00,NULL,'F_Mik',54,3.39,_binary '\0'),('C1620',135,1620,69,'D_Dav','Hereford','S',3,10,915.00,NULL,'D_Dav',78,2.91,_binary '\0'),('C1620',136,1620,88,'F_Mik','Hereford','S',2,2,908.00,NULL,'F_Mik',64,3.39,_binary '\0'),('C1620',137,1620,84,'F_Shr','Fresian X','S',3,11,755.00,NULL,'F_Ral',61,2.73,_binary '\0'),('C1620',138,1620,39,'F_Ral','Hereford','S',3,2,587.00,NULL,'F_Ral',80,3.46,_binary '\0'),('C1620',139,1620,65,'P_Bar','Charolais','S',2,9,891.00,NULL,'P_Jan',78,3.20,_binary '\0'),('C1620',140,1620,70,'P_Bar','Angus','B',2,7,726.00,NULL,'P_Jan',39,3.03,_binary '\0'),('C1620',141,1620,38,'P_Jan','Angus X','B',3,20,730.00,NULL,'P_Jan',62,3.03,_binary '\0'),('C1620',142,1620,87,'P_Bar','Angus','B',2,15,536.00,NULL,'P_Jan',73,3.48,_binary '\0'),('C1620',143,1620,41,'P_Jan','Angus','S',2,1,662.00,NULL,'P_Jan',56,2.85,_binary '\0'),('C1620',144,1620,43,'F_Shr','Angus','S',4,5,764.00,NULL,'F_Ral',66,3.50,_binary '\0'),('C1620',145,1620,86,'F_Shr','Angus X','B',2,5,949.00,NULL,'F_Ral',77,3.48,_binary '\0'),('C1620',146,1620,65,'P_Bar','Fresian X','H',3,1,731.00,NULL,'P_Jan',48,3.15,_binary '\0'),('C1620',147,1620,43,'F_Shr','Angus X','S',2,20,970.00,NULL,'F_Mik',59,3.43,_binary '\0'),('C1620',148,1620,85,'F_Leo','Angus X','B',3,11,569.00,3.00,'F_Mik',78,3.09,_binary '\0'),('C1620',149,1620,42,'F_Don','Hereford','B',3,2,829.00,NULL,'F_Don',66,3.44,_binary '\0'),('C1620',150,1620,40,'F_Dav','Angus','S',1,6,1092.00,NULL,'F_Don',74,3.17,_binary '\0'),('C1620',151,1620,38,'P_Jan','Angus X','B',2,15,814.00,NULL,'P_Jan',63,2.73,_binary '\0'),('C1620',152,1620,43,'F_Shr','Angus','B',2,18,786.00,NULL,'F_Mik',61,3.43,_binary '\0'),('C1620',153,1620,101,'F_Dav','Angus','S',3,4,996.00,NULL,'F_Mik',46,3.49,_binary '\0'),('C1620',154,1620,39,'F_Ral','Angus','B',2,7,680.00,NULL,'F_Ral',74,2.73,_binary '\0'),('C1620',155,1620,77,'F_Don','Angus','S',2,19,759.00,NULL,'F_Don',73,3.21,_binary '\0'),('C1620',156,1620,58,'P_Jan','Angus','B',2,3,652.00,NULL,'P_Jan',65,2.99,_binary '\0'),('C1620',157,1620,40,'F_Dav','Angus','H',2,15,888.00,NULL,'F_Don',63,2.88,_binary '\0'),('C1620',158,1620,58,'P_Jan','Angus','B',2,3,825.00,NULL,'P_Jan',61,2.70,_binary '\0'),('C1620',159,1620,78,'D_Dav','Charolais','S',2,3,833.00,NULL,'D_Dav',65,2.71,_binary '\0'),('C1620',160,1620,61,'F_Mic','Angus X','H',2,2,516.00,NULL,'F_Mik',80,3.04,_binary '\0'),('C1620',161,1620,59,'D_Dav','Angus','S',3,5,930.00,NULL,'D_Dav',78,2.89,_binary '\0'),('C1620',162,1620,101,'F_Dav','Fresian','H',3,12,981.00,NULL,'F_Mik',62,3.25,_binary '\0'),('C1620',163,1620,32,'P_Lis','Charolais','H',2,20,558.00,3.30,'P_Jan',73,3.30,_binary '\0'),('C1620',164,1620,86,'F_Shr','Charolais','H',1,14,585.00,NULL,'F_Ral',79,2.70,_binary '\0'),('C1620',165,1620,41,'P_Jan','Angus','B',3,15,726.00,NULL,'P_Jan',63,3.50,_binary '\0'),('C1620',166,1620,74,'F_Don','Hereford','H',2,12,617.00,NULL,'F_Don',64,2.89,_binary '\0'),('C1620',167,1620,49,'F_Mik','Angus X','H',3,4,1068.00,NULL,'F_Mik',46,2.72,_binary '\0'),('C1620',168,1620,60,'D_Dav','Angus','B',4,13,909.00,NULL,'D_Dav',75,3.00,_binary '\0'),('C1620',169,1620,85,'F_Leo','Angus','S',2,16,860.00,NULL,'F_Mik',61,2.87,_binary '\0'),('C1620',170,1620,34,'F_Mic','Charolais','S',2,5,816.00,NULL,'F_Don',39,2.88,_binary '\0'),('C1620',171,1620,78,'D_Dav','Angus X','H',3,7,985.00,NULL,'D_Dav',74,2.94,_binary '\0'),('C1620',172,1620,74,'F_Don','Fresian','B',3,2,959.00,NULL,'F_Don',48,3.13,_binary '\0'),('C1620',173,1620,43,'F_Shr','Angus','S',2,3,732.00,NULL,'F_Mik',46,3.17,_binary '\0'),('C1620',174,1620,43,'F_Shr','Angus','S',3,12,729.00,NULL,'F_Mik',62,2.70,_binary '\0'),('C1620',175,1620,100,'F_Leo','Angus','H',3,4,673.00,NULL,'F_Don',78,2.82,_binary '\0'),('C1620',176,1620,38,'P_Jan','Angus','S',4,2,997.00,NULL,'P_Jan',62,2.66,_binary '\0'),('C1620',177,1620,76,'D_Big','Fresian X','S',2,5,876.00,NULL,'D_Big',63,3.28,_binary '\0'),('C1620',178,1620,88,'F_Mik','Angus','H',1,19,1084.00,NULL,'F_Mik',63,3.34,_binary '\0'),('C1620',179,1620,58,'P_Jan','Hereford','S',1,1,929.00,NULL,'P_Jan',64,3.01,_binary '\0'),('C1620',180,1620,86,'F_Shr','Angus X','H',1,5,985.00,NULL,'F_Ral',78,2.76,_binary '\0'),('C1620',181,1620,85,'F_Leo','Charolais','B',3,18,503.00,NULL,'F_Mik',62,3.42,_binary '\0'),('C1620',182,1620,61,'F_Mic','Hereford','B',3,14,1009.00,NULL,'F_Mik',66,3.07,_binary '\0'),('C1620',183,1620,69,'D_Dav','Angus','H',2,4,617.00,NULL,'D_Dav',63,3.11,_binary '\0'),('C1620',184,1620,37,'F_Mic','Hereford','B',2,10,882.00,NULL,'F_Mik',61,3.00,_binary '\0'),('C1620',185,1620,43,'F_Shr','Angus','B',2,2,1096.00,NULL,'F_Mik',79,2.82,_binary '\0'),('C1620',186,1620,58,'P_Jan','Angus','H',2,9,877.00,NULL,'P_Jan',66,2.97,_binary '\0'),('C1620',187,1620,49,'F_Mik','Charolais','H',1,4,529.00,NULL,'F_Mik',65,3.13,_binary '\0'),('C1620',188,1620,69,'D_Dav','Angus','S',2,13,693.00,NULL,'D_Dav',54,2.66,_binary '\0'),('C1620',189,1620,77,'F_Don','Hereford','S',1,3,945.00,NULL,'F_Don',59,2.62,_binary '\0'),('C1620',190,1620,78,'D_Dav','Fresian X','B',2,7,1019.00,NULL,'D_Dav',74,3.24,_binary '\0'),('C1620',191,1620,58,'P_Jan','Angus X','B',3,12,1049.00,NULL,'P_Jan',73,2.61,_binary '\0'),('C1620',192,1620,76,'D_Big','Fresian','H',2,10,1063.00,NULL,'D_Big',77,3.01,_binary '\0'),('C1620',193,1620,76,'D_Big','Angus X','B',2,12,598.00,NULL,'D_Big',79,3.20,_binary '\0'),('C1620',194,1620,74,'F_Don','Fresian X','S',3,2,1004.00,NULL,'F_Don',63,3.25,_binary '\0'),('C1620',195,1620,62,'P_Lis','Angus','B',2,12,611.00,NULL,'P_Jan',56,2.66,_binary '\0'),('C1620',196,1620,65,'P_Bar','Angus','S',3,2,949.00,NULL,'P_Jan',75,2.63,_binary '\0'),('C1620',197,1620,100,'F_Leo','Fresian','S',4,6,677.00,NULL,'F_Don',66,3.38,_binary '\0'),('C1620',198,1620,62,'P_Lis','Fresian','S',2,10,866.00,NULL,'P_Jan',60,2.82,_binary '\0'),('C1620',199,1620,41,'P_Jan','Angus','S',3,8,659.00,NULL,'P_Jan',61,2.88,_binary '\0'),('C1620',200,1620,69,'D_Dav','Fresian','H',2,9,911.00,NULL,'D_Dav',48,3.19,_binary '\0'),('C1620',201,1620,62,'P_Lis','Fresian','H',2,8,1018.00,NULL,'P_Jan',56,3.38,_binary '\0'),('C1620',202,1620,61,'F_Mic','Angus','S',3,13,576.00,NULL,'F_Mik',63,3.50,_binary '\0'),('C1620',203,1620,60,'D_Dav','Angus X','S',2,9,1007.00,NULL,'D_Dav',77,3.14,_binary '\0'),('C1620',204,1620,88,'F_Mik','Hereford','H',2,6,854.00,NULL,'F_Mik',65,2.75,_binary '\0'),('C1620',205,1620,41,'P_Jan','Hereford','B',2,5,559.00,NULL,'P_Jan',61,2.95,_binary '\0'),('C1620',206,1620,100,'F_Leo','Angus','B',4,4,831.00,NULL,'F_Mik',48,2.61,_binary '\0'),('C1620',207,1620,57,'P_Jan','Charolais','S',3,19,895.00,NULL,'P_Jan',73,2.71,_binary '\0'),('C1620',208,1620,74,'F_Don','Angus','B',2,14,1023.00,NULL,'F_Don',62,2.91,_binary '\0'),('C1620',209,1620,32,'P_Lis','Angus X','B',2,14,844.00,NULL,'P_Jan',79,3.15,_binary '\0'),('C1620',210,1620,37,'F_Mic','Angus','S',1,7,593.00,NULL,'F_Don',60,2.72,_binary '\0'),('C1620',211,1620,87,'P_Bar','Angus','S',2,9,703.00,NULL,'P_Jan',65,2.92,_binary '\0'),('C1620',212,1620,43,'F_Shr','Angus X','S',3,20,777.00,NULL,'F_Ral',54,3.48,_binary '\0'),('C1620',213,1620,87,'P_Bar','Hereford','S',3,6,694.00,NULL,'P_Jan',73,3.36,_binary '\0'),('C1620',214,1620,76,'D_Big','Angus','B',2,7,1049.00,NULL,'D_Big',60,2.66,_binary '\0'),('C1620',215,1620,87,'P_Bar','Angus','S',2,2,655.00,NULL,'P_Jan',79,2.93,_binary '\0'),('C1620',216,1620,84,'F_Shr','Fresian X','B',3,2,718.00,NULL,'F_Ral',66,3.26,_binary '\0'),('C1620',217,1620,40,'F_Dav','Fresian','B',1,14,925.00,NULL,'F_Don',59,2.77,_binary '\0'),('C1620',218,1620,37,'F_Mic','Angus','S',2,14,923.00,NULL,'F_Don',59,3.27,_binary '\0'),('C1620',219,1620,57,'P_Jan','Fresian','H',2,10,829.00,NULL,'P_Jan',79,2.82,_binary '\0'),('C1620',220,1620,70,'P_Bar','Angus','S',2,15,834.00,NULL,'P_Jan',61,2.92,_binary '\0'),('C1620',221,1620,38,'P_Jan','Angus X','B',3,11,688.00,NULL,'P_Jan',65,2.64,_binary '\0'),('C1620',222,1620,37,'F_Mic','Angus','B',2,9,568.00,1.61,'F_Don',73,2.97,_binary '\0'),('C1620',223,1620,61,'F_Mic','Angus','H',2,9,513.00,NULL,'F_Mik',61,3.00,_binary '\0'),('C1620',224,1620,32,'P_Lis','Angus X','B',2,8,906.00,NULL,'P_Jan',56,2.92,_binary '\0'),('C1620',225,1620,49,'F_Mik','Angus','H',2,6,685.00,NULL,'F_Mik',61,3.24,_binary '\0'),('C1620',226,1620,39,'F_Ral','Charolais','S',4,8,572.00,NULL,'F_Ral',56,2.81,_binary '\0'),('C1620',227,1620,38,'P_Jan','Angus','S',3,16,851.00,NULL,'P_Jan',66,3.35,_binary '\0'),('C1620',228,1620,43,'F_Shr','Angus','S',2,16,1100.00,NULL,'F_Ral',61,2.85,_binary '\0'),('C1620',229,1620,62,'P_Lis','Angus','H',2,14,901.00,NULL,'P_Jan',61,3.41,_binary '\0'),('C1620',230,1620,65,'P_Bar','Angus','B',2,18,1063.00,NULL,'P_Jan',46,3.25,_binary '\0'),('C1620',231,1620,88,'F_Mik','Angus','B',2,4,796.00,NULL,'F_Mik',64,2.93,_binary '\0'),('C1620',232,1620,40,'F_Dav','Charolais','S',2,2,818.00,NULL,'F_Don',65,3.07,_binary '\0'),('C1620',233,1620,74,'F_Don','Angus X','S',3,17,980.00,NULL,'F_Don',75,2.90,_binary '\0'),('C1620',234,1620,62,'F_Don','Angus X','S',3,17,1.90,0.00,'F_Don',75,8.90,NULL),('C1620',236,1620,62,'F_Don','Angus X','S',3,17,1.90,0.00,'F_Don',75,118.90,NULL),('C1620',237,1620,62,'F_Don','Angus X','S',3,17,1.90,0.00,'F_Don',75,118.90,NULL),('C1620',238,1620,62,'F_Don','Angus X','S',3,17,980.90,0.00,'F_Don',75,8.90,NULL),('C1620',239,1620,41,'F_Don','Angus X','S',3,17,980.90,0.00,'F_Don',75,8.90,NULL),('C1620',240,1620,41,'F_Don','Angus X','S',3,17,1980.90,0.00,'F_Don',75,8.90,NULL),('C1620',241,1620,40,'F_Don','Angus X','S',3,17,10.90,0.00,'F_Don',78,8.90,NULL),('C1620',242,1620,40,'F_Don','Angus X','S',3,17,NULL,0.00,'F_Don',NULL,NULL,NULL),('C1620',243,1620,61,'F_Don','Angus X','S',3,17,NULL,0.00,'F_Don',NULL,NULL,NULL),('C1620',244,1620,57,'F_Don','Angus X','S',3,17,10.90,0.00,'F_Don',31,8.90,NULL),('C1620',245,1620,41,'F_Don','Angus X','S',3,17,10.90,0.00,'F_Don',78,8.90,NULL),('C1620',246,1620,41,'F_Dav','Charolais','S',2,30,0.00,0.00,'F_Don',NULL,NULL,NULL),('C1620',247,1620,41,'F_Dav','Charolais','S',2,30,0.00,0.00,'F_Don',NULL,NULL,NULL),('C1620',248,1620,41,'F_Dav','Charolais','S',2,30,0.00,0.00,'F_Don',NULL,NULL,NULL),('C1620',249,1620,41,'F_Dav','Charolais','S',2,30,0.00,0.00,'F_Don',NULL,NULL,NULL),('C1620',256,1620,41,'F_Dav','Charolais','S',2,30,0.00,0.00,'F_Don',NULL,NULL,NULL),('C1620',257,1620,41,'F_Dav','Charolais','S',2,30,0.00,0.00,'F_Don',NULL,NULL,NULL),('C1620',258,1620,41,'F_Dav','Charolais','S',2,30,0.00,0.00,'F_Don',NULL,NULL,NULL),('C1620',259,1620,41,'F_Don','Angus X','S',3,17,10.90,0.00,'F_Don',78,8.90,NULL),('C1620',260,1620,41,'F_Don','Angus X','S',3,17,10.90,0.00,'F_Don',78,8.90,NULL),('C1620',261,1620,41,'F_Don','Angus X','S',3,17,10.90,0.00,'F_Don',78,8.90,NULL),('C1620',262,1620,41,'F_Don','Angus X','S',3,17,10.90,0.00,'F_Don',78,8.90,NULL),('C1620',263,1620,34,'F_Don','Angus X','S',3,17,30.90,0.00,'F_Don',32,8.90,NULL),('C1620',264,1620,41,'F_Don','Angus X','S',3,17,10.90,0.00,'F_Don',78,8.90,NULL),('C1620',265,1620,41,'F_Don','Angus X','S',3,17,100.90,0.00,'F_Don',78,8.90,NULL),('C1621',1,1621,57,'P_Jan','Angus X','B',1,13,950.00,0.00,'P_Jan',159,3.00,_binary '\0'),('C1621',2,1621,65,'P_Bar','Angus','H',3,9,905.00,0.00,'P_Jan',141,2.50,_binary '\0'),('C1621',3,1621,41,'P_Jan','Angus','S',2,8,738.00,2.49,'P_Jan',145,3.15,_binary '\0'),('C1621',4,1621,41,'P_Jan','Hereford','B',2,8,828.00,0.00,'P_Jan',79,2.90,_binary '\0'),('C1621',5,1621,78,'D_Dav','Charolais','B',3,7,877.00,0.00,'D_Dav',70,2.75,_binary '\0'),('C1621',6,1621,86,'F_Shr','Fresian','S',2,11,729.00,0.00,'F_Ral',147,2.85,_binary '\0'),('C1621',7,1621,43,'F_Shr','Angus','S',2,17,766.00,0.00,'F_Mik',123,2.50,_binary '\0'),('C1621',8,1621,87,'P_Bar','Angus','S',3,20,969.00,0.00,'P_Jan',85,2.70,_binary '\0'),('C1621',9,1621,87,'P_Bar','Charolais','S',2,20,959.00,0.00,'P_Jan',60,2.65,_binary '\0'),('C1621',10,1621,43,'F_Shr','Angus X','S',2,4,886.00,0.00,'F_Mik',84,2.80,_binary '\0'),('C1621',11,1621,61,'F_Mic','Charolais','S',3,14,739.00,0.00,'F_Mik',41,3.05,_binary '\0'),('C1621',12,1621,86,'F_Shr','Angus','B',2,7,802.00,3.40,'F_Ral',60,2.65,_binary '\0'),('C1621',13,1621,58,'P_Jan','Angus X','H',2,10,932.00,0.00,'P_Jan',57,2.25,_binary '\0'),('C1621',14,1621,39,'F_Ral','Hereford','S',2,14,727.00,0.00,'F_Ral',60,2.75,_binary '\0'),('C1621',15,1621,85,'F_Leo','Angus X','H',3,13,740.00,0.00,'F_Mik',163,2.60,_binary '\0'),('C1621',16,1621,39,'F_Ral','Fresian','S',2,15,816.00,0.00,'F_Ral',76,2.95,_binary '\0'),('C1621',17,1621,39,'F_Ral','Angus X','S',3,3,894.00,0.00,'F_Ral',66,3.15,_binary '\0'),('C1621',18,1621,43,'F_Shr','Angus','S',2,3,989.00,0.00,'F_Ral',147,2.85,_binary '\0'),('C1621',19,1621,77,'F_Don','Angus','S',3,12,747.00,0.00,'F_Don',155,3.20,_binary '\0'),('C1621',20,1621,60,'D_Dav','Fresian X','B',3,20,907.00,0.00,'D_Dav',103,2.80,_binary '\0'),('C1621',21,1621,74,'F_Don','Hereford','S',2,11,841.00,0.00,'F_Don',38,3.15,_binary '\0'),('C1621',22,1621,70,'P_Bar','Angus X','S',2,2,987.00,0.00,'P_Jan',69,2.45,_binary '\0'),('C1621',23,1621,87,'P_Bar','Beef X','S',1,2,839.00,3.20,'P_Jan',65,3.05,_binary '\0'),('C1621',24,1621,37,'F_Mic','Fresian X','B',2,3,847.00,0.00,'F_Don',75,3.05,_binary '\0'),('C1621',25,1621,41,'P_Jan','Angus','S',2,18,800.00,0.00,'P_Jan',74,2.80,_binary '\0'),('C1621',26,1621,38,'P_Jan','Fresian X','S',1,10,790.00,0.00,'P_Jan',87,2.75,_binary '\0'),('C1621',27,1621,85,'F_Leo','Fresian X','S',2,3,832.00,0.00,'F_Mik',54,3.10,_binary '\0'),('C1621',28,1621,69,'D_Dav','Angus','S',3,4,767.00,0.00,'D_Dav',41,2.30,_binary '\0'),('C1621',29,1621,69,'D_Dav','Fresian X','S',2,9,801.00,0.00,'D_Dav',71,2.55,_binary '\0'),('C1621',30,1621,41,'P_Jan','Angus X','H',2,11,710.00,0.00,'P_Jan',75,2.30,_binary '\0'),('C1621',31,1621,69,'D_Dav','Fresian','H',2,2,886.00,0.00,'D_Dav',76,2.95,_binary '\0'),('C1621',32,1621,69,'D_Dav','Hereford','S',2,4,729.00,0.00,'D_Dav',71,2.40,_binary '\0'),('C1621',33,1621,88,'F_Mik','Hereford','H',2,5,852.00,0.00,'F_Mik',131,2.60,_binary '\0'),('C1621',34,1621,58,'P_Jan','Fresian X','H',2,7,846.00,0.00,'P_Jan',54,2.75,_binary '\0'),('C1621',35,1621,69,'D_Dav','Fresian','B',3,5,883.00,0.00,'D_Dav',135,3.10,_binary '\0'),('C1621',36,1621,65,'P_Bar','Fresian X','H',4,13,869.00,3.01,'F_Ral',57,2.30,_binary '\0'),('C1621',37,1621,87,'P_Bar','Angus X','S',2,7,717.00,0.00,'P_Jan',87,2.75,_binary '\0'),('C1621',38,1621,61,'F_Mic','Angus','S',2,17,995.00,0.00,'F_Mik',80,2.65,_binary '\0'),('C1621',39,1621,41,'P_Jan','Angus','B',2,16,846.00,0.00,'P_Jan',87,2.50,_binary '\0'),('C1621',40,1621,58,'P_Jan','Angus','S',3,12,718.00,0.00,'P_Jan',131,2.60,_binary '\0'),('C1621',41,1621,60,'D_Dav','Fresian','S',3,3,907.00,0.00,'D_Dav',86,2.55,_binary '\0'),('C1621',42,1621,42,'F_Don','Fresian','B',2,9,906.00,0.00,'F_Don',0,0.00,_binary ''),('C1621',43,1621,32,'P_Lis','Angus X','B',2,1,988.00,0.00,'P_Jan',37,2.50,_binary '\0'),('C1621',44,1621,37,'F_Mic','Charolais','H',2,17,804.00,0.00,'F_Don',129,2.85,_binary '\0'),('C1621',45,1621,86,'F_Shr','Angus X','B',2,4,978.00,0.00,'F_Mik',64,2.35,_binary '\0'),('C1621',46,1621,65,'P_Bar','Angus','B',3,9,952.00,0.00,'P_Jan',76,2.40,_binary '\0'),('C1621',50,1621,84,'F_Shr','Angus','H',1,11,754.00,0.00,'F_Ral',141,2.60,_binary '\0'),('C1621',51,1621,42,'F_Don','Angus','S',3,4,985.00,0.00,'F_Don',45,2.95,_binary '\0'),('C1621',52,1621,42,'F_Don','Angus','H',3,10,885.00,0.00,'F_Don',149,2.90,_binary '\0'),('C1621',53,1621,65,'P_Bar','Angus','H',4,8,877.00,0.00,'P_Jan',79,2.90,_binary '\0'),('C1621',54,1621,78,'D_Dav','Angus X','S',2,16,875.00,0.00,'D_Dav',64,2.40,_binary '\0'),('C1621',55,1621,43,'F_Shr','Angus','H',3,7,808.00,2.77,'F_Ral',131,2.25,_binary '\0'),('C1621',56,1621,87,'P_Bar','Fresian X','H',2,16,911.00,0.00,'P_Jan',62,3.15,_binary '\0'),('C1621',57,1621,78,'D_Dav','Angus X','S',3,13,831.00,0.00,'D_Dav',104,3.05,_binary '\0'),('C1621',58,1621,84,'F_Shr','Angus X','S',2,15,929.00,0.00,'F_Ral',40,2.90,_binary '\0'),('C1621',59,1621,58,'P_Jan','Angus X','S',1,3,934.00,0.00,'P_Jan',125,3.15,_binary '\0'),('C1621',60,1621,76,'D_Big','Hereford','B',2,1,749.00,0.00,'D_Big',155,2.75,_binary '\0'),('C1621',61,1621,39,'F_Ral','Fresian X','B',3,2,761.00,0.00,'F_Ral',80,2.90,_binary '\0'),('C1621',62,1621,88,'F_Mik','Angus','S',2,6,941.00,0.00,'F_Mik',63,2.30,_binary '\0'),('C1621',63,1621,88,'F_Mik','Hereford','B',2,9,762.00,0.00,'F_Mik',69,3.05,_binary '\0'),('C1621',64,1621,85,'F_Leo','Fresian','S',2,17,931.00,0.00,'F_Mik',123,2.60,_binary '\0'),('C1621',65,1621,59,'D_Dav','Angus X','S',2,9,703.00,0.00,'D_Dav',135,2.25,_binary '\0'),('C1621',66,1621,32,'P_Lis','Angus','H',2,5,759.00,0.00,'P_Jan',145,2.75,_binary '\0'),('C1621',68,1621,57,'P_Jan','Angus','H',2,7,780.00,0.00,'P_Jan',63,3.05,_binary '\0'),('C1621',69,1621,60,'D_Dav','Fresian','S',1,4,818.00,0.00,'D_Dav',56,2.45,_binary '\0'),('C1621',70,1621,40,'F_Dav','Angus','B',2,5,726.00,0.00,'F_Don',87,2.80,_binary '\0'),('C1621',71,1621,49,'F_Mik','Fresian','S',2,8,994.00,0.00,'F_Mik',46,2.25,_binary '\0'),('C1621',72,1621,32,'P_Lis','Angus X','S',1,9,940.00,0.00,'P_Jan',137,2.50,_binary '\0'),('C1621',73,1621,58,'P_Jan','Angus','S',1,19,804.00,0.00,'P_Jan',67,3.15,_binary '\0'),('C1621',74,1621,65,'P_Bar','Angus','S',2,12,947.00,2.80,'P_Jan',139,2.40,_binary '\0'),('C1621',75,1621,39,'F_Ral','Angus','H',3,9,830.00,0.00,'F_Ral',56,2.35,_binary '\0'),('C1621',76,1621,38,'P_Jan','Hereford','B',3,4,764.00,0.00,'P_Jan',38,2.85,_binary '\0'),('C1621',77,1621,41,'P_Jan','Angus X','S',2,7,818.00,0.00,'P_Jan',145,2.70,_binary '\0'),('C1621',78,1621,58,'P_Jan','Angus','S',2,17,897.00,0.00,'P_Jan',86,2.85,_binary '\0'),('C1621',79,1621,58,'P_Jan','Charolais','B',2,5,796.00,0.00,'P_Jan',57,2.40,_binary '\0'),('C1621',80,1621,39,'F_Ral','Angus','H',2,4,927.00,0.00,'F_Ral',87,2.55,_binary '\0'),('C1621',81,1621,61,'F_Mic','Charolais','S',2,3,760.00,0.00,'F_Mik',159,2.30,_binary '\0'),('C1621',82,1621,43,'F_Shr','Angus','B',1,8,936.00,0.00,'F_Mik',45,2.40,_binary '\0'),('C1621',83,1621,43,'F_Shr','Charolais','H',3,2,977.00,1.99,'F_Mik',103,2.50,_binary '\0'),('C1621',84,1621,41,'P_Jan','Angus X','S',3,7,895.00,0.00,'P_Jan',40,2.75,_binary '\0'),('C1621',85,1621,86,'F_Shr','Angus','B',2,4,746.00,0.00,'F_Ral',42,2.80,_binary '\0'),('C1621',87,1621,43,'F_Shr','Angus X','S',3,4,917.00,0.00,'F_Mik',103,3.10,_binary '\0'),('C1621',88,1621,34,'F_Mic','Fresian X','H',2,2,708.00,0.00,'F_Don',143,2.90,_binary '\0'),('C1621',89,1621,84,'F_Shr','Angus','S',2,18,953.00,0.00,'F_Ral',56,2.25,_binary '\0'),('C1621',90,1621,41,'P_Jan','Fresian','H',3,13,922.00,0.00,'P_Jan',43,2.45,_binary '\0'),('C1621',91,1621,58,'P_Jan','Charolais','S',3,12,770.00,0.00,'P_Jan',103,2.85,_binary '\0'),('C1621',92,1621,86,'F_Shr','Angus','H',2,4,942.00,0.00,'F_Ral',66,3.05,_binary '\0'),('C1621',93,1621,61,'F_Mic','Fresian X','B',2,7,824.00,0.00,'F_Mik',56,2.55,_binary '\0'),('C1621',94,1621,85,'F_Leo','Hereford','S',4,6,892.00,0.00,'F_Mik',61,2.65,_binary '\0'),('C1621',95,1621,69,'D_Dav','Hereford','H',2,9,918.00,0.00,'D_Dav',145,3.20,_binary '\0'),('C1621',96,1621,65,'P_Bar','Fresian X','B',3,5,988.00,0.00,'P_Jan',61,2.85,_binary '\0'),('C1621',97,1621,62,'P_Lis','Fresian','B',2,5,944.00,0.00,'P_Jan',48,3.10,_binary '\0'),('C1621',98,1621,86,'F_Shr','Angus X','H',3,15,850.00,0.00,'F_Ral',56,2.35,_binary '\0'),('C1621',99,1621,60,'D_Dav','Angus','B',1,3,874.00,0.00,'D_Dav',137,2.65,_binary '\0'),('C1621',101,1621,34,'F_Mic','Fresian','S',3,15,879.00,0.00,'F_Don',149,2.25,_binary '\0'),('C1621',102,1621,60,'D_Dav','Charolais','B',2,3,892.00,1.83,'D_Dav',74,2.60,_binary '\0'),('C1621',103,1621,57,'P_Jan','Angus','S',3,4,927.00,0.00,'P_Jan',78,2.45,_binary '\0'),('C1621',104,1621,40,'F_Dav','Fresian','S',2,20,989.00,0.00,'F_Don',129,2.45,_binary '\0'),('C1621',105,1621,40,'F_Dav','Angus X','S',2,18,879.00,0.00,'F_Don',85,2.75,_binary '\0'),('C1621',106,1621,59,'D_Dav','Angus X','H',2,9,952.00,0.00,'D_Dav',77,3.20,_binary '\0'),('C1621',107,1621,39,'F_Ral','Hereford','S',3,20,833.00,0.00,'F_Ral',145,2.90,_binary '\0'),('C1621',110,1621,70,'P_Bar','Angus','H',1,19,982.00,0.00,'P_Jan',84,3.10,_binary '\0'),('C1621',111,1621,42,'F_Don','Fresian X','B',2,4,721.00,0.00,'F_Don',78,3.10,_binary '\0'),('C1621',113,1621,87,'P_Bar','Angus','S',3,8,986.00,3.42,'P_Jan',147,2.95,_binary '\0'),('C1621',114,1621,57,'P_Jan','Charolais','B',2,1,811.00,0.00,'P_Jan',141,2.45,_binary '\0'),('C1621',116,1621,58,'P_Jan','Charolais','B',2,4,872.00,0.00,'P_Jan',87,2.70,_binary '\0'),('C1621',117,1621,70,'P_Bar','Angus','B',3,9,825.00,0.00,'P_Jan',103,2.25,_binary '\0'),('C1621',118,1621,74,'F_Don','Angus X','S',2,6,747.00,0.00,'F_Don',149,2.95,_binary '\0'),('C1621',119,1621,39,'F_Ral','Angus','S',3,7,815.00,0.00,'F_Ral',88,3.20,_binary '\0'),('C1621',121,1621,88,'F_Mik','Angus','H',2,19,934.00,0.00,'F_Mik',64,2.50,_binary '\0'),('C1621',122,1621,57,'P_Jan','Angus','S',1,16,933.00,0.00,'P_Jan',70,2.85,_binary '\0'),('C1621',123,1621,69,'D_Dav','Angus X','H',2,7,979.00,0.00,'D_Dav',147,3.05,_binary '\0'),('C1621',124,1621,38,'P_Jan','Fresian X','B',1,8,746.00,2.31,'P_Jan',67,2.95,_binary '\0'),('C1621',125,1621,38,'P_Jan','Angus','B',3,3,761.00,0.00,'P_Jan',60,2.30,_binary '\0'),('C1621',126,1621,57,'P_Jan','Angus X','B',2,5,747.00,0.00,'P_Jan',65,2.55,_binary '\0'),('C1621',127,1621,84,'F_Shr','Angus X','S',2,8,945.00,0.00,'F_Ral',157,2.40,_binary '\0'),('C1621',128,1621,41,'P_Jan','Angus X','S',2,4,897.00,0.00,'P_Jan',87,2.65,_binary '\0'),('C1621',129,1621,61,'F_Mic','Angus X','B',2,11,955.00,0.00,'F_Mik',59,2.30,_binary '\0'),('C1621',130,1621,87,'P_Bar','Angus X','B',4,3,834.00,0.00,'P_Jan',157,2.90,_binary '\0'),('C1621',131,1621,59,'D_Dav','Angus','S',2,9,805.00,0.00,'D_Dav',49,3.20,_binary '\0'),('C1621',132,1621,40,'F_Dav','Angus','S',2,20,945.00,0.00,'F_Don',34,2.35,_binary '\0'),('C1621',133,1621,88,'F_Mik','Fresian X','H',2,2,970.00,0.00,'F_Mik',40,2.75,_binary '\0'),('C1621',134,1621,43,'F_Shr','Charolais','S',2,10,721.00,0.00,'F_Mik',45,2.70,_binary '\0'),('C1621',135,1621,69,'D_Dav','Hereford','S',3,10,732.00,0.00,'D_Dav',48,3.05,_binary '\0'),('C1621',136,1621,88,'F_Mik','Hereford','S',2,2,784.00,0.00,'F_Mik',86,3.00,_binary '\0'),('C1621',137,1621,84,'F_Shr','Fresian X','S',3,11,743.00,0.00,'F_Ral',45,2.85,_binary '\0'),('C1621',138,1621,39,'F_Ral','Hereford','S',3,2,737.00,0.00,'F_Ral',61,2.70,_binary '\0'),('C1621',139,1621,65,'P_Bar','Charolais','S',2,9,913.00,0.00,'P_Jan',62,2.90,_binary '\0'),('C1621',140,1621,70,'P_Bar','Angus','B',2,7,821.00,0.00,'P_Jan',73,2.85,_binary '\0'),('C1621',141,1621,38,'P_Jan','Angus X','B',3,20,894.00,0.00,'P_Jan',60,3.00,_binary '\0'),('C1621',142,1621,87,'P_Bar','Angus','B',2,15,908.00,0.00,'P_Jan',60,2.75,_binary '\0'),('C1621',143,1621,41,'P_Jan','Angus','S',2,1,938.00,0.00,'P_Jan',39,2.40,_binary '\0'),('C1621',144,1621,43,'F_Shr','Angus','S',4,5,972.00,0.00,'F_Ral',67,2.40,_binary '\0'),('C1621',145,1621,86,'F_Shr','Angus X','B',2,5,736.00,0.00,'F_Ral',133,2.25,_binary '\0'),('C1621',146,1621,65,'P_Bar','Fresian X','H',3,1,799.00,0.00,'P_Jan',67,2.25,_binary '\0'),('C1621',147,1621,43,'F_Shr','Angus X','S',2,20,730.00,0.00,'F_Mik',40,3.00,_binary '\0'),('C1621',148,1621,85,'F_Leo','Angus X','B',3,11,833.00,3.00,'F_Mik',88,2.65,_binary '\0'),('C1621',149,1621,42,'F_Don','Hereford','B',3,2,807.00,0.00,'F_Don',60,3.05,_binary '\0'),('C1621',150,1621,40,'F_Dav','Angus','S',1,6,813.00,0.00,'F_Don',37,2.70,_binary '\0'),('C1621',151,1621,38,'P_Jan','Angus X','B',2,15,876.00,0.00,'P_Jan',38,2.85,_binary '\0'),('C1621',152,1621,43,'F_Shr','Angus','B',2,18,891.00,0.00,'F_Mik',45,2.85,_binary '\0'),('C1621',154,1621,39,'F_Ral','Angus','B',2,7,944.00,0.00,'F_Ral',79,2.65,_binary '\0'),('C1621',155,1621,77,'F_Don','Angus','S',2,19,944.00,0.00,'F_Don',84,2.25,_binary '\0'),('C1621',156,1621,58,'P_Jan','Angus','B',2,3,817.00,0.00,'P_Jan',135,3.00,_binary '\0'),('C1621',157,1621,40,'F_Dav','Angus','H',2,15,984.00,0.00,'F_Don',48,2.75,_binary '\0'),('C1621',158,1621,58,'P_Jan','Angus','B',2,3,936.00,0.00,'P_Jan',41,2.55,_binary '\0'),('C1621',159,1621,78,'D_Dav','Charolais','S',2,3,864.00,0.00,'D_Dav',69,2.85,_binary '\0'),('C1621',160,1621,61,'F_Mic','Angus X','H',2,2,774.00,0.00,'F_Mik',67,2.40,_binary '\0'),('C1621',161,1621,59,'D_Dav','Angus','S',3,5,990.00,0.00,'D_Dav',88,2.55,_binary '\0'),('C1621',163,1621,32,'P_Lis','Charolais','H',2,20,826.00,3.30,'P_Jan',88,2.60,_binary '\0'),('C1621',164,1621,86,'F_Shr','Charolais','H',1,14,869.00,0.00,'F_Ral',131,2.80,_binary '\0'),('C1621',165,1621,41,'P_Jan','Angus','B',3,15,817.00,0.00,'P_Jan',137,2.70,_binary '\0'),('C1621',166,1621,74,'F_Don','Hereford','H',2,12,846.00,0.00,'F_Don',161,2.65,_binary '\0'),('C1621',167,1621,49,'F_Mik','Angus X','H',3,4,744.00,0.00,'F_Mik',127,2.80,_binary '\0'),('C1621',168,1621,60,'D_Dav','Angus','B',4,13,774.00,0.00,'D_Dav',42,2.95,_binary '\0'),('C1621',169,1621,85,'F_Leo','Angus','S',2,16,821.00,0.00,'F_Mik',63,2.70,_binary '\0'),('C1621',170,1621,34,'F_Mic','Charolais','S',2,5,977.00,0.00,'F_Don',39,2.70,_binary '\0'),('C1621',171,1621,78,'D_Dav','Angus X','H',3,7,857.00,0.00,'D_Dav',80,2.80,_binary '\0'),('C1621',172,1621,74,'F_Don','Fresian','B',3,2,822.00,0.00,'F_Don',159,3.15,_binary '\0'),('C1621',173,1621,43,'F_Shr','Angus','S',2,3,717.00,0.00,'F_Mik',139,2.30,_binary '\0'),('C1621',174,1621,43,'F_Shr','Angus','S',3,12,806.00,0.00,'F_Mik',71,3.20,_binary '\0'),('C1621',176,1621,38,'P_Jan','Angus','S',4,2,710.00,0.00,'P_Jan',57,3.00,_binary '\0'),('C1621',177,1621,76,'D_Big','Fresian X','S',2,5,790.00,0.00,'D_Big',78,3.10,_binary '\0'),('C1621',178,1621,88,'F_Mik','Angus','H',1,19,725.00,0.00,'F_Mik',125,2.80,_binary '\0'),('C1621',179,1621,58,'P_Jan','Hereford','S',1,1,972.00,0.00,'P_Jan',61,2.40,_binary '\0'),('C1621',180,1621,86,'F_Shr','Angus X','H',1,5,878.00,0.00,'F_Ral',80,2.55,_binary '\0'),('C1621',181,1621,85,'F_Leo','Charolais','B',3,18,719.00,0.00,'F_Mik',76,2.25,_binary '\0'),('C1621',182,1621,61,'F_Mic','Hereford','B',3,14,962.00,0.00,'F_Mik',64,2.70,_binary '\0'),('C1621',183,1621,69,'D_Dav','Angus','H',2,4,834.00,0.00,'D_Dav',42,2.35,_binary '\0'),('C1621',184,1621,37,'F_Mic','Hereford','B',2,10,856.00,0.00,'F_Mik',57,2.90,_binary '\0'),('C1621',185,1621,43,'F_Shr','Angus','B',2,2,718.00,0.00,'F_Mik',87,3.00,_binary '\0'),('C1621',186,1621,58,'P_Jan','Angus','H',2,9,713.00,0.00,'P_Jan',57,2.75,_binary '\0'),('C1621',187,1621,49,'F_Mik','Charolais','H',1,4,939.00,0.00,'F_Mik',88,2.85,_binary '\0'),('C1621',188,1621,69,'D_Dav','Angus','S',2,13,870.00,0.00,'D_Dav',87,2.35,_binary '\0'),('C1621',189,1621,77,'F_Don','Hereford','S',1,3,800.00,0.00,'F_Don',67,3.05,NULL),('C1621',190,1621,78,'D_Dav','Fresian X','B',2,7,0.00,0.00,'D_Dav',NULL,0.00,NULL),('C1621',191,1621,58,'P_Jan','Angus X','B',3,12,0.00,0.00,'P_Jan',NULL,0.00,NULL),('C1621',192,1621,76,'D_Big','Fresian','H',2,10,0.00,0.00,'D_Big',NULL,0.00,NULL),('C1621',193,1621,76,'D_Big','Angus X','B',2,12,0.00,0.00,'D_Big',NULL,0.00,NULL),('C1621',194,1621,74,'F_Don','Fresian X','S',3,2,0.00,0.00,'F_Don',NULL,0.00,NULL),('C1621',195,1621,62,'P_Lis','Angus','B',2,12,0.00,0.00,'P_Jan',NULL,0.00,NULL),('C1621',196,1621,65,'P_Bar','Angus','S',3,2,0.00,0.00,'P_Jan',NULL,0.00,NULL),('C1621',198,1621,62,'P_Lis','Fresian','S',2,10,0.00,0.00,'P_Jan',NULL,0.00,NULL),('C1621',199,1621,41,'P_Jan','Angus','S',3,8,0.00,0.00,'P_Jan',NULL,0.00,NULL),('C1621',200,1621,69,'D_Dav','Fresian','H',2,9,0.00,0.00,'D_Dav',NULL,0.00,NULL),('C1621',201,1621,62,'P_Lis','Fresian','H',2,8,0.00,0.00,'P_Jan',NULL,0.00,NULL),('C1621',202,1621,61,'F_Mic','Angus','S',3,13,0.00,0.00,'F_Mik',NULL,0.00,NULL),('C1621',203,1621,60,'D_Dav','Angus X','S',2,9,0.00,0.00,'D_Dav',NULL,0.00,NULL),('C1621',204,1621,88,'F_Mik','Hereford','H',2,6,0.00,0.00,'F_Mik',NULL,0.00,NULL),('C1621',205,1621,41,'P_Jan','Hereford','B',2,5,0.00,0.00,'P_Jan',NULL,0.00,NULL),('C1621',207,1621,57,'P_Jan','Charolais','S',3,19,0.00,0.00,'P_Jan',NULL,0.00,NULL),('C1621',208,1621,74,'F_Don','Angus','B',2,14,0.00,0.00,'F_Don',NULL,0.00,NULL),('C1621',209,1621,32,'P_Lis','Angus X','B',2,14,0.00,0.00,'P_Jan',NULL,0.00,NULL),('C1621',210,1621,37,'F_Mic','Angus','S',1,7,0.00,0.00,'F_Don',NULL,0.00,NULL),('C1621',211,1621,87,'P_Bar','Angus','S',2,9,0.00,0.00,'P_Jan',NULL,0.00,NULL),('C1621',212,1621,43,'F_Shr','Angus X','S',3,20,0.00,0.00,'F_Ral',NULL,0.00,NULL),('C1621',213,1621,87,'P_Bar','Hereford','S',3,6,0.00,0.00,'P_Jan',NULL,0.00,NULL),('C1621',214,1621,76,'D_Big','Angus','B',2,7,0.00,0.00,'D_Big',NULL,0.00,NULL),('C1621',215,1621,87,'P_Bar','Angus','S',2,2,0.00,0.00,'P_Jan',NULL,0.00,NULL),('C1621',216,1621,84,'F_Shr','Fresian X','B',3,2,0.00,0.00,'F_Ral',NULL,0.00,NULL),('C1621',217,1621,40,'F_Dav','Fresian','B',1,14,0.00,0.00,'F_Don',NULL,0.00,NULL),('C1621',218,1621,37,'F_Mic','Angus','S',2,14,0.00,0.00,'F_Don',NULL,0.00,NULL),('C1621',219,1621,57,'P_Jan','Fresian','H',2,10,0.00,0.00,'P_Jan',NULL,0.00,NULL),('C1621',220,1621,70,'P_Bar','Angus','S',2,15,0.00,0.00,'P_Jan',NULL,0.00,NULL),('C1621',221,1621,38,'P_Jan','Angus X','B',3,11,0.00,0.00,'P_Jan',NULL,0.00,NULL),('C1621',222,1621,37,'F_Mic','Angus','B',2,9,0.00,1.61,'F_Don',NULL,0.00,NULL),('C1621',223,1621,61,'F_Mic','Angus','H',2,9,0.00,0.00,'F_Mik',NULL,0.00,NULL),('C1621',224,1621,32,'P_Lis','Angus X','B',2,8,0.00,0.00,'P_Jan',NULL,0.00,NULL),('C1621',225,1621,49,'F_Mik','Angus','H',2,6,0.00,0.00,'F_Mik',NULL,0.00,NULL),('C1621',226,1621,39,'F_Ral','Charolais','S',4,8,0.00,0.00,'F_Ral',NULL,0.00,NULL),('C1621',227,1621,38,'P_Jan','Angus','S',3,16,0.00,0.00,'P_Jan',NULL,0.00,NULL),('C1621',228,1621,43,'F_Shr','Angus','S',2,16,0.00,0.00,'F_Ral',NULL,0.00,NULL),('C1621',229,1621,62,'P_Lis','Angus','H',2,14,0.00,0.00,'P_Jan',NULL,0.00,NULL),('C1621',230,1621,65,'P_Bar','Angus','B',2,18,0.00,0.00,'P_Jan',NULL,0.00,NULL),('C1621',231,1621,88,'F_Mik','Angus','B',2,4,0.00,0.00,'F_Mik',NULL,0.00,NULL),('C1621',232,1621,40,'F_Dav','Charolais','S',2,2,0.00,0.00,'F_Don',NULL,0.00,NULL),('C1621',233,1621,74,'F_Don','Angus X','S',3,40,0.00,0.00,'F_Don',NULL,0.00,NULL),('C1621',235,1621,74,'F_Don','Angus X','S',3,20,0.00,0.00,'F_Don',NULL,NULL,NULL);
/*!40000 ALTER TABLE `cattlelot` ENABLE KEYS */;
UNLOCK TABLES;

--
-- Table structure for table `clientattendance`
--

DROP TABLE IF EXISTS `clientattendance`;
/*!40101 SET @saved_cs_client     = @@character_set_client */;
/*!50503 SET character_set_client = utf8mb4 */;
CREATE TABLE `clientattendance` (
  `yr` smallint DEFAULT NULL,
  `clientNumber` smallint DEFAULT NULL,
  `attendance` smallint DEFAULT NULL
) ENGINE=InnoDB DEFAULT CHARSET=utf8mb4 COLLATE=utf8mb4_0900_ai_ci;
/*!40101 SET character_set_client = @saved_cs_client */;

--
-- Dumping data for table `clientattendance`
--

LOCK TABLES `clientattendance` WRITE;
/*!40000 ALTER TABLE `clientattendance` DISABLE KEYS */;
INSERT INTO `clientattendance` VALUES (2019,41,6),(2019,41,10),(2019,41,6),(2019,41,11),(2019,41,6),(2019,41,12),(2019,41,6),(2019,41,13),(2019,78,7),(2019,78,6),(2019,80,4),(2019,80,2),(2019,78,7),(2019,78,6),(2019,80,4),(2019,80,2),(2019,41,5),(2019,41,2),(2019,41,12),(2019,80,4),(2019,80,2),(2019,41,5),(2019,41,2),(2019,41,12),(2019,41,5),(2019,41,2),(2019,41,13),(2019,80,4),(2019,80,2),(2019,41,5),(2019,41,2),(2019,41,13),(2019,80,4),(2019,80,2),(2019,41,5),(2019,41,2),(2019,41,13),(2019,80,4),(2019,80,2),(2019,41,5),(2019,41,2),(2019,41,13),(2019,80,4),(2019,80,2),(2019,41,5),(2019,41,2),(2019,41,13),(2019,78,7),(2019,78,3),(2019,78,4),(2019,41,5),(2019,41,3),(2019,41,13),(2019,78,7),(2019,78,4),(2019,78,4),(2019,80,4),(2019,80,2),(2019,74,9),(2019,74,4),(2019,78,7),(2019,78,4),(2019,78,4),(2019,57,6),(2019,57,2),(2019,56,2),(2019,56,4),(2019,57,6),(2019,57,2),(2019,86,4),(2019,86,6),(2019,43,3),(2019,43,2),(2019,84,2),(2019,84,2),(2019,49,3),(2019,49,2),(2019,86,4),(2019,86,6),(2019,62,6),(2019,62,3),(2019,62,4),(2019,62,5),(2019,65,6),(2019,65,10),(2019,57,6),(2019,57,2),(2019,43,3),(2019,43,2),(2019,70,2),(2019,41,5),(2019,41,4),(2019,41,13),(2019,57,6),(2019,57,2),(2019,87,1),(2019,87,3),(2019,87,2),(2019,39,12),(2019,39,7),(2019,69,5),(2019,69,4),(2019,78,7),(2019,78,4),(2019,78,4),(2019,41,5),(2019,41,4),(2019,41,14),(2019,32,3),(2019,60,5),(2019,60,8),(2019,60,3),(2019,38,3),(2019,38,3),(2019,65,6),(2019,65,10),(2019,61,8),(2019,61,3),(2019,61,2),(2019,61,4),(2019,59,7),(2019,61,8),(2019,61,3),(2019,61,2),(2019,61,5),(2019,69,5),(2019,69,4),(2019,86,4),(2019,86,6),(2019,32,3),(2019,85,3),(2019,85,3),(2019,41,5),(2019,41,4),(2019,41,15),(2019,38,3),(2019,38,3),(2019,59,7),(2019,38,3),(2019,38,3),(2019,59,7),(2019,43,3),(2019,43,2),(2019,70,2),(2019,70,2),(2019,76,4),(2019,41,5),(2019,41,4),(2019,41,16),(2019,62,6),(2019,62,3),(2019,62,4),(2019,62,5),(2019,62,6),(2019,62,3),(2019,62,4),(2019,62,5),(2019,43,3),(2019,43,2),(2019,61,8),(2019,61,3),(2019,61,2),(2019,61,6),(2019,69,5),(2019,69,4),(2019,62,6),(2019,62,3),(2019,62,4),(2019,62,5),(2019,34,2),(2019,34,2),(2019,78,7),(2019,78,4),(2019,78,4),(2019,58,3),(2019,58,2),(2019,40,4),(2019,40,2),(2019,40,4),(2019,87,1),(2019,87,3),(2019,87,2),(2019,87,1),(2019,87,3),(2019,87,2),(2019,58,3),(2019,58,2),(2019,86,4),(2019,86,6),(2019,58,3),(2019,58,2),(2019,59,7),(2019,37,3),(2019,65,6),(2019,65,10),(2019,40,4),(2019,40,2),(2019,40,5),(2019,65,6),(2019,65,10),(2019,88,2),(2019,88,3),(2019,65,6),(2019,65,10),(2019,41,5),(2019,41,4),(2019,41,17),(2019,40,4),(2019,40,2),(2019,40,6),(2019,69,5),(2019,69,4),(2019,74,9),(2019,74,4),(2019,43,3),(2019,43,2),(2019,58,3),(2019,58,2),(2019,39,12),(2019,39,7),(2019,59,7),(2019,74,9),(2019,74,4),(2019,65,6),(2019,65,10),(2019,41,5),(2019,41,4),(2019,41,18),(2019,32,3),(2019,88,2),(2019,88,3),(2019,61,8),(2019,61,3),(2019,61,2),(2019,61,7),(2019,58,3),(2019,58,2),(2019,58,3),(2019,58,2),(2019,65,6),(2019,65,10),(2019,58,3),(2019,58,2),(2019,43,3),(2019,43,2),(2019,34,2),(2019,34,2),(2019,87,1),(2019,87,3),(2019,87,2),(2019,84,2),(2019,84,2),(2019,65,6),(2019,65,10),(2019,32,3),(2019,60,5),(2019,60,8),(2019,60,3),(2019,38,3),(2019,38,3),(2019,61,8),(2019,61,3),(2019,61,2),(2019,61,8),(2019,65,6),(2019,65,10),(2019,60,5),(2019,60,8),(2019,60,3),(2019,88,2),(2019,88,3),(2019,60,5),(2019,60,8),(2019,60,3),(2019,58,3),(2019,58,2),(2019,69,5),(2019,69,4),(2019,85,3),(2019,85,3),(2019,42,4),(2019,42,1),(2019,74,9),(2019,74,4),(2019,74,9),(2019,74,4),(2019,41,5),(2019,41,4),(2019,41,19),(2019,58,3),(2019,58,2),(2019,61,8),(2019,61,3),(2019,61,2),(2019,61,9),(2019,76,4),(2019,39,12),(2019,39,7),(2019,43,3),(2019,43,2),(2019,58,3),(2019,58,2),(2019,77,8),(2019,77,2),(2019,39,12),(2019,39,7),(2019,62,6),(2019,62,3),(2019,62,4),(2019,62,5),(2019,38,3),(2019,38,3),(2019,38,3),(2019,38,3),(2019,37,3),(2019,70,2),(2019,41,5),(2019,41,4),(2019,41,20),(2019,43,3),(2019,43,2),(2019,87,1),(2019,87,3),(2019,87,2),(2019,86,4),(2019,86,6),(2019,61,8),(2019,61,3),(2019,61,2),(2019,61,10),(2019,69,5),(2019,69,4),(2019,88,2),(2019,88,3),(2019,87,1),(2019,87,3),(2019,87,2),(2019,43,3),(2019,43,2),(2019,38,3),(2019,38,3),(2019,60,5),(2019,60,8),(2019,60,3),(2019,40,4),(2019,40,2),(2019,40,7),(2019,85,3),(2019,85,3),(2019,57,6),(2019,57,2),(2019,74,9),(2019,74,4),(2019,86,4),(2019,86,6),(2019,62,6),(2019,62,3),(2019,62,4),(2019,62,5),(2019,87,1),(2019,87,3),(2019,87,2),(2019,39,12),(2019,39,7),(2019,74,9),(2019,74,4),(2019,70,2),(2019,37,3),(2019,57,6),(2019,57,2),(2019,42,4),(2019,42,1),(2019,42,4),(2019,42,1),(2019,65,6),(2019,65,10),(2019,41,5),(2019,41,4),(2019,41,21),(2019,76,4),(2019,38,3),(2019,38,3),(2019,39,12),(2019,39,7),(2019,77,8),(2019,77,2),(2019,87,1),(2019,87,3),(2019,87,2),(2019,88,2),(2019,88,3),(2019,34,2),(2019,34,2),(2019,41,5),(2019,41,4),(2019,41,22),(2019,76,4),(2019,60,5),(2019,60,8),(2019,60,3),(2019,69,5),(2019,69,4),(2019,88,2),(2019,88,3),(2019,70,2),(2019,58,3),(2019,58,2),(2019,40,4),(2019,40,2),(2019,40,8),(2019,43,3),(2019,43,2),(2019,41,5),(2019,41,4),(2019,41,23),(2019,70,2),(2019,42,4),(2019,42,1),(2019,87,1),(2019,87,3),(2019,87,2),(2019,42,4),(2019,42,1),(2019,61,8),(2019,61,3),(2019,61,2),(2019,61,11),(2019,58,3),(2019,58,2),(2019,88,2),(2019,88,3),(2019,42,4),(2019,42,1),(2019,87,1),(2019,87,3),(2019,87,2),(2019,84,2),(2019,84,2),(2019,85,3),(2019,85,3),(2019,32,3),(2019,57,6),(2019,57,2),(2019,60,5),(2019,60,8),(2019,60,3),(2019,84,2),(2019,84,2),(2019,87,1),(2019,87,3),(2019,87,2),(2019,78,7),(2019,78,4),(2019,78,4),(2019,76,4),(2019,78,7),(2019,78,4),(2019,78,4),(2019,58,3),(2019,58,2),(2019,88,2),(2019,88,3),(2019,85,3),(2019,85,3),(2019,38,3),(2019,38,3),(2019,88,2),(2019,88,3),(2019,74,9),(2019,74,4),(2019,84,2),(2019,84,2),(2019,43,3),(2019,43,2),(2019,78,7),(2019,78,4),(2019,78,4),(2019,41,5),(2019,41,4),(2019,41,24),(2019,39,12),(2019,39,7),(2019,85,3),(2019,85,3),(2019,49,3),(2019,49,2),(2019,38,3),(2019,38,3),(2019,40,4),(2019,40,2),(2019,40,9),(2019,38,3),(2019,38,3),(2019,40,4),(2019,40,2),(2019,40,10),(2019,49,3),(2019,49,2),(2019,61,8),(2019,61,3),(2019,61,2),(2019,61,12),(2019,86,4),(2019,86,6),(2019,40,4),(2019,40,2),(2019,40,11),(2019,69,5),(2019,69,4),(2019,74,9),(2019,74,4),(2019,39,12),(2019,39,7),(2019,77,8),(2019,77,2),(2019,37,3),(2019,86,4),(2019,86,6),(2019,40,4),(2019,40,2),(2019,40,12),(2019,61,8),(2019,61,3),(2019,61,2),(2019,61,13),(2019,43,3),(2019,43,2),(2019,39,12),(2019,39,7),(2019,62,6),(2019,62,3),(2019,62,4),(2019,62,5),(2019,43,3),(2019,43,2),(2019,39,12),(2019,39,7),(2019,69,5),(2019,69,4),(2019,41,5),(2019,41,4),(2019,41,25),(2019,86,4),(2019,86,6),(2019,87,1),(2019,87,3),(2019,87,2),(2019,38,3),(2019,38,3),(2019,38,3),(2019,38,3),(2019,57,6),(2019,57,2),(2019,39,12),(2019,39,7),(2019,60,5),(2019,60,8),(2019,60,3),(2019,69,5),(2019,69,4),(2019,41,5),(2019,41,4),(2019,41,26),(2019,43,3),(2019,43,2),(2019,39,12),(2019,39,7),(2019,84,2),(2019,84,2),(2019,37,3),(2019,43,3),(2019,43,2),(2019,58,3),(2019,58,2),(2019,43,3),(2019,43,2),(2019,59,7),(2019,85,3),(2019,85,3),(2019,40,4),(2019,40,2),(2019,40,13),(2019,78,7),(2019,78,4),(2019,78,4),(2019,85,3),(2019,85,3),(2019,58,3),(2019,58,2),(2019,76,4),(2019,60,5),(2019,60,8),(2019,60,3),(2019,41,5),(2019,41,4),(2019,41,27),(2019,39,12),(2019,39,7),(2019,32,3),(2019,78,7),(2019,78,4),(2019,78,4),(2019,57,6),(2019,57,2),(2019,69,5),(2019,69,4),(2019,41,5),(2019,41,4),(2019,41,28),(2019,37,3),(2019,59,7),(2019,85,3),(2019,85,3),(2019,88,2),(2019,88,3),(2019,76,4),(2019,57,6),(2019,57,2),(2019,49,3),(2019,49,2),(2019,84,2),(2019,84,2),(2019,39,12),(2019,39,7),(2019,79,3),(2019,79,6),(2019,79,3),(2019,65,6),(2019,65,10),(2019,69,5),(2019,69,4),(2019,85,3),(2019,85,3),(2019,70,2),(2019,85,3),(2019,85,3),(2019,73,3),(2019,73,2),(2019,85,3),(2019,85,3),(2019,62,6),(2019,62,3),(2019,62,4),(2019,62,5),(2019,85,3),(2019,85,3),(2019,62,6),(2019,62,3),(2019,62,4),(2019,62,5),(2019,78,7),(2019,78,5),(2019,78,4),(2019,88,2),(2019,88,3),(2019,79,3),(2019,79,6),(2019,79,3),(2019,65,6),(2019,65,10),(2019,88,2),(2019,88,3),(2019,64,4),(2019,64,3),(2019,78,6),(2019,78,5),(2019,78,6),(2019,65,6),(2019,65,10),(2019,66,6),(2019,66,4),(2019,80,6),(2019,80,1),(2019,73,3),(2019,73,2),(2019,62,6),(2019,62,3),(2019,62,4),(2019,62,5),(2019,65,6),(2019,65,10),(2019,66,6),(2019,66,4),(2019,75,5),(2019,75,3),(2019,88,2),(2019,88,3),(2019,80,4),(2019,80,3),(2019,80,1),(2019,88,2),(2019,88,3),(2019,85,3),(2019,85,3),(2019,73,3),(2019,73,2),(2019,80,4),(2019,80,3),(2019,80,1),(2019,66,6),(2019,66,4),(2019,62,6),(2019,62,3),(2019,62,4),(2019,62,5),(2019,73,3),(2019,73,2),(2019,79,3),(2019,79,6),(2019,79,3),(2019,70,2),(2019,74,9),(2019,74,4),(2019,75,5),(2019,75,3),(2019,78,5),(2019,78,5),(2019,78,8),(2019,74,8),(2019,74,6),(2019,73,3),(2019,73,2),(2019,86,4),(2019,86,6),(2019,80,6),(2019,80,2),(2019,80,1),(2019,65,8),(2019,65,9),(2019,85,3),(2019,85,3),(2019,78,5),(2019,78,5),(2019,78,3),(2019,78,6),(2019,70,2),(2019,78,4),(2019,78,5),(2019,78,8),(2019,78,3),(2019,74,8),(2019,74,6),(2019,66,6),(2019,66,4),(2019,85,3),(2019,85,3),(2019,64,4),(2019,64,3),(2019,79,3),(2019,79,6),(2019,79,3),(2019,78,4),(2019,78,5),(2019,78,8),(2019,78,3),(2019,78,4),(2019,78,5),(2019,78,8),(2019,78,3),(2019,62,5),(2019,62,3),(2019,62,6),(2019,62,5),(2019,88,2),(2019,88,3),(2019,73,3),(2019,73,2),(2019,69,4),(2019,69,6),(2019,70,2),(2019,86,4),(2019,86,6),(2019,79,3),(2019,79,6),(2019,79,3),(2019,65,6),(2019,65,9),(2019,65,3),(2019,87,1),(2019,87,3),(2019,87,2),(2019,74,8),(2019,74,6),(2019,79,3),(2019,79,6),(2019,79,4),(2019,63,6),(2019,63,2),(2019,84,2),(2019,84,2),(2019,66,6),(2019,66,4),(2019,62,5),(2019,62,3),(2019,62,6),(2019,62,5),(2019,77,8),(2019,77,2),(2019,74,8),(2019,74,6),(2019,63,6),(2019,63,2),(2019,64,4),(2019,64,3),(2019,80,3),(2019,80,2),(2019,80,4),(2019,80,1),(2019,76,4),(2019,85,3),(2019,85,3),(2019,77,8),(2019,77,2),(2019,63,6),(2019,63,2),(2019,74,7),(2019,74,8),(2019,69,4),(2019,69,6),(2019,73,3),(2019,73,3),(2019,88,2),(2019,88,3),(2019,62,4),(2019,62,3),(2019,62,8),(2019,62,5),(2019,65,6),(2019,65,9),(2019,65,3),(2019,80,3),(2019,80,2),(2019,80,4),(2019,80,1),(2019,87,1),(2019,87,6),(2019,76,4),(2019,79,3),(2019,79,6),(2019,79,4),(2019,88,2),(2019,88,3),(2019,87,1),(2019,87,6),(2019,66,6),(2019,66,4),(2019,78,4),(2019,78,5),(2019,78,8),(2019,78,3),(2019,79,3),(2019,79,6),(2019,79,4),(2019,84,2),(2019,84,2),(2019,88,2),(2019,88,3),(2019,75,5),(2019,75,3),(2019,78,4),(2019,78,5),(2019,78,8),(2019,78,3),(2019,77,8),(2019,77,2),(2019,77,8),(2019,77,2),(2019,70,2),(2019,69,4),(2019,69,6),(2019,80,3),(2019,80,2),(2019,80,4),(2019,80,1),(2019,65,6),(2019,65,9),(2019,65,3),(2019,63,6),(2019,63,2),(2019,88,2),(2019,88,3),(2019,76,4),(2019,74,6),(2019,74,10),(2019,75,5),(2019,75,3),(2019,85,3),(2019,85,3),(2019,63,6),(2019,63,2),(2019,87,1),(2019,87,6),(2019,69,4),(2019,69,6),(2019,64,4),(2019,64,3),(2019,64,4),(2019,64,3),(2019,63,5),(2019,63,4),(2019,85,3),(2019,85,3),(2019,78,3),(2019,78,5),(2019,78,10),(2019,78,3),(2019,74,12),(2019,74,5),(2019,65,8),(2019,65,8),(2019,65,3),(2019,84,2),(2019,84,2),(2019,87,1),(2019,87,6),(2019,70,2),(2019,85,2),(2019,85,3),(2019,85,2),(2019,79,3),(2019,79,4),(2019,79,4),(2019,79,3),(2019,69,4),(2019,69,6),(2019,64,4),(2019,64,3),(2019,75,5),(2019,75,3),(2019,88,1),(2019,88,3),(2019,88,2),(2019,73,3),(2019,73,3),(2019,65,8),(2019,65,8),(2019,65,3),(2019,65,8),(2019,65,8),(2019,65,3),(2019,88,1),(2019,88,3),(2019,88,2),(2019,73,2),(2019,73,2),(2019,73,3),(2019,63,5),(2019,63,4),(2019,79,3),(2019,79,4),(2019,79,4),(2019,79,3),(2019,70,2),(2019,78,3),(2019,78,5),(2019,78,10),(2019,78,3),(2019,77,7),(2019,77,4),(2019,77,7),(2019,77,4),(2019,63,6),(2019,63,4),(2019,85,2),(2019,85,3),(2019,85,2),(2019,85,2),(2019,85,3),(2019,85,2),(2019,64,4),(2019,64,3),(2019,66,6),(2019,66,4),(2019,87,1),(2019,87,6),(2019,74,3),(2019,74,10),(2019,74,5),(2019,77,7),(2019,77,4),(2019,79,3),(2019,79,4),(2019,79,4),(2019,79,3),(2019,73,1),(2019,73,4),(2019,73,3),(2019,79,3),(2019,79,4),(2019,79,4),(2019,79,3),(2019,79,3),(2019,79,4),(2019,79,4),(2019,79,3),(2019,84,2),(2019,84,2),(2019,79,3),(2019,79,4),(2019,79,4),(2019,79,3),(2019,62,3),(2019,62,3),(2019,62,10),(2019,62,5),(2019,66,6),(2019,66,4),(2019,63,6),(2019,63,4),(2019,77,7),(2019,77,4),(2019,75,5),(2019,75,3),(2019,74,3),(2019,74,10),(2019,74,5),(2019,84,2),(2019,84,2),(2019,77,7),(2019,77,4),(2019,75,5),(2019,75,3),(2019,64,4),(2019,64,3),(2019,75,5),(2019,75,3),(2019,85,2),(2019,85,3),(2019,85,2),(2019,87,1),(2019,87,6),(2019,63,6),(2019,63,4),(2019,74,3),(2019,74,10),(2019,74,5),(2019,64,4),(2019,64,4),(2019,74,3),(2019,74,10),(2019,74,5),(2019,63,6),(2019,63,4),(2019,74,3),(2019,74,10),(2019,74,5),(2019,62,3),(2019,62,3),(2019,62,10),(2019,62,5),(2019,64,4),(2019,64,4),(2019,41,5),(2019,41,5),(2019,41,13),(2019,78,3),(2019,78,6),(2019,78,10),(2019,78,3),(2019,34,3),(2019,34,2),(2019,32,4),(2019,41,5),(2019,41,6),(2019,41,13),(2019,78,3),(2019,78,7),(2019,78,10),(2019,78,3),(2019,78,3),(2019,78,7),(2019,78,10),(2019,78,3),(2019,78,3),(2019,78,7),(2019,78,10),(2019,78,3),(2019,78,3),(2019,78,7),(2019,78,10),(2019,78,3),(2019,78,3),(2019,78,7),(2019,78,10),(2019,78,3),(2019,78,3),(2019,78,7),(2019,78,10),(2019,78,3),(2019,78,3),(2019,78,7),(2019,78,10),(2019,78,3),(2019,78,3),(2019,78,7),(2019,78,10),(2019,78,3),(2019,78,3),(2019,78,7),(2019,78,10),(2019,78,3),(2019,78,3),(2019,78,7),(2019,78,10),(2019,78,3),(2019,78,3),(2019,78,7),(2019,78,10),(2019,78,3),(2019,78,3),(2019,78,7),(2019,78,10),(2019,78,3),(2019,78,3),(2019,78,7),(2019,78,10),(2019,78,3),(2019,78,3),(2019,78,7),(2019,78,10),(2019,78,3),(2019,78,3),(2019,78,7),(2019,78,10),(2019,78,3),(2019,39,10),(2019,39,6),(2019,39,4),(2019,39,3),(2019,41,5),(2019,41,7),(2019,41,13),(2019,78,3),(2019,78,8),(2019,78,10),(2019,78,3),(2019,78,3),(2019,78,8),(2019,78,10),(2019,78,3),(2019,79,3),(2019,79,4),(2019,79,4),(2019,79,3),(2019,65,8),(2019,65,8),(2019,65,3),(2019,69,3),(2019,69,8),(2019,85,2),(2019,85,3),(2019,85,2),(2019,70,2),(2019,85,2),(2019,85,3),(2019,85,2),(2019,73,1),(2019,73,4),(2019,73,3),(2019,85,2),(2019,85,3),(2019,85,2),(2019,62,3),(2019,62,3),(2019,62,10),(2019,62,5),(2019,85,2),(2019,85,3),(2019,85,2),(2019,62,3),(2019,62,3),(2019,62,10),(2019,62,5),(2019,78,3),(2019,78,8),(2019,78,10),(2019,78,3),(2019,88,1),(2019,88,4),(2019,88,2),(2019,79,3),(2019,79,4),(2019,79,4),(2019,79,3),(2019,65,8),(2019,65,8),(2019,65,3),(2019,88,1),(2019,88,4),(2019,88,2),(2019,64,4),(2019,64,4),(2019,78,3),(2019,78,8),(2019,78,10),(2019,78,3),(2019,65,8),(2019,65,8),(2019,65,3),(2019,66,6),(2019,66,4),(2019,80,3),(2019,80,2),(2019,80,4),(2019,80,1),(2019,73,1),(2019,73,4),(2019,73,3),(2019,62,3),(2019,62,3),(2019,62,10),(2019,62,5),(2019,65,8),(2019,65,8),(2019,65,3),(2019,66,6),(2019,66,4),(2019,75,5),(2019,75,3),(2019,88,1),(2019,88,4),(2019,88,2),(2019,80,3),(2019,80,2),(2019,80,4),(2019,80,1),(2019,88,1),(2019,88,4),(2019,88,2),(2019,85,2),(2019,85,3),(2019,85,2),(2019,73,1),(2019,73,4),(2019,73,3),(2019,80,3),(2019,80,2),(2019,80,4),(2019,80,1),(2019,66,6),(2019,66,4),(2019,62,3),(2019,62,3),(2019,62,10),(2019,62,5),(2019,73,1),(2019,73,4),(2019,73,3),(2019,79,3),(2019,79,4),(2019,79,4),(2019,79,3),(2019,70,2),(2019,74,3),(2019,74,10),(2019,74,5),(2019,75,5),(2019,75,3),(2019,78,3),(2019,78,8),(2019,78,10),(2019,78,3),(2019,74,3),(2019,74,10),(2019,74,5),(2019,73,1),(2019,73,4),(2019,73,3),(2019,86,4),(2019,86,6),(2019,80,3),(2019,80,2),(2019,80,4),(2019,80,1),(2019,65,8),(2019,65,8),(2019,65,3),(2019,85,2),(2019,85,3),(2019,85,2),(2019,78,3),(2019,78,8),(2019,78,10),(2019,78,3),(2019,70,2),(2019,78,3),(2019,78,8),(2019,78,10),(2019,78,3),(2019,74,3),(2019,74,10),(2019,74,5),(2019,66,6),(2019,66,4),(2019,85,2),(2019,85,3),(2019,85,2),(2019,64,4),(2019,64,4),(2019,79,3),(2019,79,4),(2019,79,4),(2019,79,3),(2019,78,3),(2019,78,8),(2019,78,10),(2019,78,3),(2019,78,3),(2019,78,8),(2019,78,10),(2019,78,3),(2019,62,3),(2019,62,3),(2019,62,10),(2019,62,5),(2019,88,1),(2019,88,4),(2019,88,2),(2019,73,1),(2019,73,4),(2019,73,3),(2019,69,3),(2019,69,8),(2019,70,2),(2019,86,4),(2019,86,6),(2019,79,3),(2019,79,4),(2019,79,4),(2019,79,3),(2019,65,8),(2019,65,8),(2019,65,3),(2019,87,1),(2019,87,6),(2019,74,3),(2019,74,10),(2019,74,5),(2019,79,3),(2019,79,4),(2019,79,4),(2019,79,3),(2019,63,6),(2019,63,4),(2019,84,2),(2019,84,2),(2019,66,6),(2019,66,4),(2019,62,3),(2019,62,3),(2019,62,10),(2019,62,5),(2019,77,7),(2019,77,4),(2019,74,3),(2019,74,10),(2019,74,5),(2019,63,6),(2019,63,4),(2019,64,4),(2019,64,4),(2019,80,3),(2019,80,2),(2019,80,4),(2019,80,1),(2019,76,3),(2019,76,2),(2019,85,2),(2019,85,3),(2019,85,2),(2019,77,7),(2019,77,4),(2019,63,6),(2019,63,4),(2019,74,3),(2019,74,10),(2019,74,5),(2019,69,3),(2019,69,8),(2019,73,1),(2019,73,4),(2019,73,3),(2019,88,1),(2019,88,4),(2019,88,2),(2019,62,3),(2019,62,3),(2019,62,10),(2019,62,5),(2019,65,8),(2019,65,8),(2019,65,3),(2019,80,3),(2019,80,2),(2019,80,4),(2019,80,1),(2019,87,1),(2019,87,6),(2019,76,3),(2019,76,2),(2019,79,3),(2019,79,4),(2019,79,4),(2019,79,3),(2019,88,1),(2019,88,4),(2019,88,2),(2019,87,1),(2019,87,6),(2019,66,6),(2019,66,4),(2019,78,3),(2019,78,8),(2019,78,10),(2019,78,3),(2019,79,3),(2019,79,4),(2019,79,4),(2019,79,3),(2019,84,2),(2019,84,2),(2019,88,1),(2019,88,4),(2019,88,2),(2019,75,5),(2019,75,3),(2019,78,3),(2019,78,8),(2019,78,10),(2019,78,3),(2019,77,7),(2019,77,4),(2019,77,7),(2019,77,4),(2019,70,2),(2019,69,3),(2019,69,8),(2019,80,3),(2019,80,2),(2019,80,4),(2019,80,1),(2019,65,8),(2019,65,8),(2019,65,3),(2019,63,6),(2019,63,4),(2019,88,1),(2019,88,4),(2019,88,2),(2019,76,3),(2019,76,2),(2019,74,3),(2019,74,10),(2019,74,5),(2019,75,5),(2019,75,3),(2019,85,2),(2019,85,3),(2019,85,2),(2019,63,6),(2019,63,4),(2019,87,1),(2019,87,6),(2019,69,3),(2019,69,8),(2019,64,4),(2019,64,4),(2019,64,4),(2019,64,4),(2019,63,6),(2019,63,4),(2019,85,2),(2019,85,3),(2019,85,2),(2019,78,3),(2019,78,8),(2019,78,10),(2019,78,3),(2019,74,3),(2019,74,10),(2019,74,5),(2019,65,8),(2019,65,8),(2019,65,3),(2019,84,2),(2019,84,2),(2019,87,1),(2019,87,6),(2019,70,2),(2019,85,2),(2019,85,3),(2019,85,2),(2019,79,3),(2019,79,4),(2019,79,4),(2019,79,3),(2019,69,3),(2019,69,8),(2019,64,4),(2019,64,4),(2019,75,5),(2019,75,3),(2019,88,1),(2019,88,4),(2019,88,2),(2019,73,1),(2019,73,4),(2019,73,3),(2019,65,8),(2019,65,8),(2019,65,3),(2019,65,8),(2019,65,8),(2019,65,3),(2019,88,1),(2019,88,4),(2019,88,2),(2019,73,1),(2019,73,4),(2019,73,3),(2019,63,6),(2019,63,4),(2019,79,3),(2019,79,4),(2019,79,4),(2019,79,3),(2019,70,2),(2019,78,3),(2019,78,8),(2019,78,10),(2019,78,3),(2019,77,7),(2019,77,4),(2019,77,7),(2019,77,4),(2019,63,6),(2019,63,4),(2019,85,2),(2019,85,3),(2019,85,2),(2019,85,2),(2019,85,3),(2019,85,2),(2019,64,4),(2019,64,4),(2019,66,6),(2019,66,4),(2019,87,1),(2019,87,6),(2019,74,3),(2019,74,10),(2019,74,5),(2019,77,7),(2019,77,4),(2019,79,3),(2019,79,4),(2019,79,4),(2019,79,3),(2019,73,1),(2019,73,4),(2019,73,3),(2019,79,3),(2019,79,4),(2019,79,4),(2019,79,3),(2019,79,3),(2019,79,4),(2019,79,4),(2019,79,3),(2019,84,2),(2019,84,2),(2019,79,3),(2019,79,4),(2019,79,4),(2019,79,3),(2019,62,3),(2019,62,3),(2019,62,10),(2019,62,5),(2019,66,6),(2019,66,4),(2019,63,6),(2019,63,4),(2019,77,7),(2019,77,4),(2019,75,5),(2019,75,3),(2019,74,3),(2019,74,10),(2019,74,5),(2019,84,2),(2019,84,2),(2019,77,7),(2019,77,4),(2019,75,5),(2019,75,3),(2019,64,4),(2019,64,4),(2019,75,5),(2019,75,3),(2019,85,2),(2019,85,3),(2019,85,2),(2019,87,1),(2019,87,6),(2019,63,6),(2019,63,4),(2019,74,3),(2019,74,10),(2019,74,5),(2019,64,4),(2019,64,4),(2019,74,3),(2019,74,10),(2019,74,5),(2019,63,6),(2019,63,4),(2019,74,3),(2019,74,10),(2019,74,5),(2019,62,3),(2019,62,3),(2019,62,10),(2019,62,5),(2019,64,4),(2019,64,4),(2019,79,3),(2019,79,4),(2019,79,4),(2019,79,3),(2019,70,2),(2019,85,2),(2019,85,3),(2019,85,2),(2019,60,5),(2019,60,8),(2019,60,3),(2019,84,2),(2019,84,2),(2019,41,5),(2019,41,8),(2019,41,12),(2019,60,5),(2019,60,8),(2019,60,3),(2019,57,4),(2019,57,3),(2019,57,2),(2019,60,5),(2019,60,8),(2019,60,3),(2019,76,3),(2019,76,2),(2019,66,6),(2019,66,4),(2019,38,6),(2019,38,2),(2019,69,3),(2019,69,8),(2019,65,8),(2019,65,8),(2019,65,3),(2019,75,5),(2019,75,3),(2019,74,3),(2019,74,10),(2019,74,5),(2019,87,1),(2019,87,6),(2019,54,2),(2019,41,5),(2019,41,8),(2019,41,12),(2019,75,5),(2019,75,3),(2019,76,3),(2019,76,2),(2019,54,2),(2019,57,4),(2019,57,3),(2019,57,2),(2019,87,1),(2019,87,6),(2019,80,3),(2019,80,2),(2019,80,4),(2019,80,1),(2019,87,1),(2019,87,6),(2019,86,4),(2019,86,6),(2019,37,3),(2019,64,4),(2019,64,4),(2019,76,3),(2019,76,2),(2019,79,3),(2019,79,4),(2019,79,4),(2019,79,3),(2019,64,4),(2019,64,4),(2019,62,3),(2019,62,3),(2019,62,10),(2019,62,5),(2019,40,3),(2019,40,4),(2019,40,3),(2019,80,3),(2019,80,2),(2019,80,4),(2019,80,1),(2019,63,6),(2019,63,4),(2019,69,3),(2019,69,8),(2019,63,6),(2019,63,4),(2019,56,2),(2019,56,4),(2019,87,1),(2019,87,6),(2019,46,6),(2019,46,2),(2019,56,2),(2019,56,4),(2019,38,6),(2019,38,2),(2019,86,4),(2019,86,6),(2019,57,4),(2019,57,3),(2019,57,2),(2019,87,1),(2019,87,6),(2019,40,3),(2019,40,4),(2019,40,3),(2019,42,4),(2019,42,1),(2019,56,2),(2019,56,4),(2019,43,2),(2019,43,4),(2019,66,6),(2019,66,4),(2019,56,2),(2019,56,4),(2019,61,7),(2019,61,6),(2019,61,2),(2019,61,4),(2019,61,7),(2019,61,6),(2019,61,2),(2019,61,4),(2019,48,7),(2019,48,2),(2019,56,2),(2019,56,4),(2019,74,3),(2019,74,10),(2019,74,5),(2019,78,3),(2019,78,8),(2019,78,10),(2019,78,3),(2019,85,2),(2019,85,3),(2019,85,2),(2019,77,7),(2019,77,4),(2019,84,2),(2019,84,2),(2019,78,3),(2019,78,8),(2019,78,10),(2019,78,3),(2019,87,1),(2019,87,6),(2019,88,1),(2019,88,4),(2019,88,2),(2019,64,4),(2019,64,4),(2019,70,2),(2019,60,5),(2019,60,8),(2019,60,3),(2019,65,8),(2019,65,8),(2019,65,3),(2019,87,1),(2019,87,6),(2019,59,6),(2019,59,2),(2019,49,3),(2019,49,2),(2019,34,3),(2019,34,2),(2019,40,3),(2019,40,4),(2019,40,3),(2019,48,7),(2019,48,2),(2019,86,4),(2019,86,6),(2019,61,7),(2019,61,6),(2019,61,2),(2019,61,4),(2019,62,3),(2019,62,3),(2019,62,10),(2019,62,5),(2019,73,1),(2019,73,4),(2019,73,3),(2019,60,5),(2019,60,8),(2019,60,3),(2019,60,5),(2019,60,8),(2019,60,3),(2019,39,10),(2019,39,6),(2019,39,4),(2019,39,3),(2019,40,3),(2019,40,4),(2019,40,3),(2019,88,1),(2019,88,4),(2019,88,2),(2019,60,5),(2019,60,8),(2019,60,3),(2019,37,3),(2019,38,6),(2019,38,2),(2019,79,3),(2019,79,4),(2019,79,4),(2019,79,3),(2019,84,2),(2019,84,2),(2019,48,7),(2019,48,2),(2019,41,5),(2019,41,8),(2019,41,12),(2019,69,3),(2019,69,8),(2019,88,1),(2019,88,4),(2019,88,2),(2019,88,1),(2019,88,4),(2019,88,2),(2019,42,4),(2019,42,1),(2019,63,6),(2019,63,4),(2019,39,10),(2019,39,6),(2019,39,4),(2019,39,3),(2019,80,3),(2019,80,2),(2019,80,4),(2019,80,1),(2019,57,4),(2019,57,3),(2019,57,2),(2019,78,3),(2019,78,8),(2019,78,10),(2019,78,3),(2019,61,7),(2019,61,6),(2019,61,2),(2019,61,4),(2019,80,3),(2019,80,2),(2019,80,4),(2019,80,1),(2019,76,3),(2019,76,2),(2019,64,4),(2019,64,4),(2019,42,4),(2019,42,1),(2019,57,4),(2019,57,3),(2019,57,2),(2019,87,1),(2019,87,6),(2019,57,4),(2019,57,3),(2019,57,2),(2019,88,1),(2019,88,4),(2019,88,2),(2019,87,1),(2019,87,6),(2019,79,3),(2019,79,4),(2019,79,4),(2019,79,3),(2019,70,2),(2019,85,2),(2019,85,3),(2019,85,2),(2019,60,5),(2019,60,8),(2019,60,3),(2019,84,2),(2019,84,2),(2019,41,5),(2019,41,8),(2019,41,12),(2019,60,5),(2019,60,8),(2019,60,3),(2019,57,4),(2019,57,3),(2019,57,2),(2019,60,5),(2019,60,8),(2019,60,3),(2019,76,3),(2019,76,2),(2019,66,6),(2019,66,4),(2019,38,6),(2019,38,2),(2019,69,3),(2019,69,8),(2019,65,8),(2019,65,8),(2019,65,3),(2019,75,5),(2019,75,3),(2019,74,3),(2019,74,10),(2019,74,5),(2019,87,1),(2019,87,6),(2019,54,2),(2019,41,5),(2019,41,8),(2019,41,12),(2019,75,5),(2019,75,3),(2019,76,3),(2019,76,2),(2019,54,2),(2019,57,4),(2019,57,3),(2019,57,2),(2019,87,1),(2019,87,6),(2019,80,3),(2019,80,2),(2019,80,4),(2019,80,1),(2019,87,1),(2019,87,6),(2019,86,4),(2019,86,6),(2019,37,3),(2019,64,4),(2019,64,4),(2019,76,3),(2019,76,2),(2019,79,3),(2019,79,4),(2019,79,4),(2019,79,3),(2019,64,4),(2019,64,4),(2019,62,3),(2019,62,3),(2019,62,10),(2019,62,5),(2019,40,3),(2019,40,4),(2019,40,3),(2019,80,3),(2019,80,2),(2019,80,4),(2019,80,1),(2019,63,6),(2019,63,4),(2019,69,3),(2019,69,8),(2019,63,6),(2019,63,4),(2019,56,2),(2019,56,4),(2019,87,1),(2019,87,6),(2019,46,6),(2019,46,2),(2019,56,2),(2019,56,4),(2019,38,6),(2019,38,2),(2019,86,4),(2019,86,6),(2019,57,4),(2019,57,3),(2019,57,2),(2019,87,1),(2019,87,6),(2019,40,3),(2019,40,4),(2019,40,3),(2019,42,4),(2019,42,1),(2019,56,2),(2019,56,4),(2019,43,2),(2019,43,4),(2019,66,6),(2019,66,4),(2019,56,2),(2019,56,4),(2019,61,7),(2019,61,6),(2019,61,2),(2019,61,4),(2019,61,7),(2019,61,6),(2019,61,2),(2019,61,4),(2019,48,7),(2019,48,2),(2019,56,2),(2019,56,4),(2019,74,3),(2019,74,10),(2019,74,5),(2019,78,3),(2019,78,8),(2019,78,10),(2019,78,3),(2019,85,2),(2019,85,3),(2019,85,2),(2019,77,7),(2019,77,4),(2019,84,2),(2019,84,2),(2019,78,3),(2019,78,8),(2019,78,10),(2019,78,3),(2019,87,1),(2019,87,6),(2019,88,1),(2019,88,4),(2019,88,2),(2019,64,4),(2019,64,4),(2019,70,2),(2019,60,5),(2019,60,8),(2019,60,3),(2019,65,8),(2019,65,8),(2019,65,3),(2019,87,1),(2019,87,6),(2019,59,6),(2019,59,2),(2019,49,3),(2019,49,2),(2019,34,3),(2019,34,2),(2019,40,3),(2019,40,4),(2019,40,3),(2019,48,7),(2019,48,2),(2019,86,4),(2019,86,6),(2019,61,7),(2019,61,6),(2019,61,2),(2019,61,4),(2019,62,3),(2019,62,3),(2019,62,10),(2019,62,5),(2019,73,1),(2019,73,4),(2019,73,3),(2019,60,5),(2019,60,8),(2019,60,3),(2019,60,5),(2019,60,8),(2019,60,3),(2019,39,10),(2019,39,6),(2019,39,4),(2019,39,3),(2019,40,3),(2019,40,4),(2019,40,3),(2019,88,1),(2019,88,4),(2019,88,2),(2019,60,5),(2019,60,8),(2019,60,3),(2019,37,3),(2019,38,6),(2019,38,2),(2019,79,3),(2019,79,4),(2019,79,4),(2019,79,3),(2019,84,2),(2019,84,2),(2019,48,7),(2019,48,2),(2019,41,5),(2019,41,8),(2019,41,12),(2019,69,3),(2019,69,8),(2019,88,1),(2019,88,4),(2019,88,2),(2019,88,1),(2019,88,4),(2019,88,2),(2019,42,4),(2019,42,1),(2019,63,6),(2019,63,4),(2019,39,10),(2019,39,6),(2019,39,4),(2019,39,3),(2019,80,3),(2019,80,2),(2019,80,4),(2019,80,1),(2019,57,4),(2019,57,3),(2019,57,2),(2019,78,3),(2019,78,8),(2019,78,10),(2019,78,3),(2019,61,7),(2019,61,6),(2019,61,2),(2019,61,4),(2019,80,3),(2019,80,2),(2019,80,4),(2019,80,1),(2019,76,3),(2019,76,2),(2019,64,4),(2019,64,4),(2019,42,4),(2019,42,1),(2019,57,4),(2019,57,3),(2019,57,2),(2019,87,1),(2019,87,6),(2019,57,4),(2019,57,3),(2019,57,2),(2019,88,1),(2019,88,4),(2019,88,2),(2019,87,1),(2019,87,6),(2019,80,4),(2019,80,2);
/*!40000 ALTER TABLE `clientattendance` ENABLE KEYS */;
UNLOCK TABLES;

--
-- Table structure for table `sheepauction`
--

DROP TABLE IF EXISTS `sheepauction`;
/*!40101 SET @saved_cs_client     = @@character_set_client */;
/*!50503 SET character_set_client = utf8mb4 */;
CREATE TABLE `sheepauction` (
  `id` char(5) CHARACTER SET utf8 COLLATE utf8_general_ci NOT NULL,
  `auctionId` smallint DEFAULT NULL,
  `startTime` time NOT NULL,
  PRIMARY KEY (`id`),
  KEY `FK_SheepAuction_AuctionDay` (`auctionId`),
  CONSTRAINT `FK_SheepAuction_AuctionDay` FOREIGN KEY (`auctionId`) REFERENCES `auctionday` (`id`)
) ENGINE=InnoDB DEFAULT CHARSET=utf8mb4 COLLATE=utf8mb4_0900_ai_ci;
/*!40101 SET character_set_client = @saved_cs_client */;

--
-- Dumping data for table `sheepauction`
--

LOCK TABLES `sheepauction` WRITE;
/*!40000 ALTER TABLE `sheepauction` DISABLE KEYS */;
INSERT INTO `sheepauction` VALUES ('S1620',1620,'11:30:00'),('S1621',1621,'11:00:00'),('S1622',1622,'11:30:00');
/*!40000 ALTER TABLE `sheepauction` ENABLE KEYS */;
UNLOCK TABLES;

--
-- Table structure for table `sheeplot`
--

DROP TABLE IF EXISTS `sheeplot`;
/*!40101 SET @saved_cs_client     = @@character_set_client */;
/*!50503 SET character_set_client = utf8mb4 */;
CREATE TABLE `sheeplot` (
  `auctionId` char(5) CHARACTER SET utf8 COLLATE utf8_general_ci NOT NULL,
  `lotNumber` smallint NOT NULL,
  `auctionDay` smallint NOT NULL,
  `seller` smallint NOT NULL,
  `agent` char(10) CHARACTER SET utf8 COLLATE utf8_general_ci NOT NULL,
  `breed` char(20) CHARACTER SET utf8 COLLATE utf8_general_ci NOT NULL,
  `sex` char(1) CHARACTER SET utf8 COLLATE utf8_general_ci NOT NULL,
  `age` tinyint NOT NULL,
  `quantity` tinyint NOT NULL,
  `reserve` decimal(5,2) DEFAULT NULL,
  `auctioneer` char(10) CHARACTER SET utf8 COLLATE utf8_general_ci DEFAULT NULL,
  `buyer` smallint DEFAULT NULL,
  `sellingPricePerHead` decimal(5,2) DEFAULT NULL,
  `lotSellingPrice` decimal(7,2) GENERATED ALWAYS AS ((`quantity` * `sellingPricePerHead`)) VIRTUAL,
  `passedIn` bit(1) DEFAULT NULL,
  PRIMARY KEY (`auctionId`,`lotNumber`),
  KEY `FK_SheepLot_AuctionClientAtAuction_buyer` (`auctionDay`,`buyer`),
  KEY `FK_SheepLot_AuctionClientAtAuction_seller` (`auctionDay`,`seller`),
  KEY `FK_SheepLot_StockAgent_auctioneer` (`auctioneer`),
  KEY `IDX_AgentSheepLot` (`agent`,`seller`,`auctionId`),
  CONSTRAINT `FK_SheepLot_AuctionClientAtAuction_buyer` FOREIGN KEY (`auctionDay`, `buyer`) REFERENCES `auctionclientatauction` (`auctionId`, `clientNumber`),
  CONSTRAINT `FK_SheepLot_AuctionClientAtAuction_seller` FOREIGN KEY (`auctionDay`, `seller`) REFERENCES `auctionclientatauction` (`auctionId`, `clientNumber`),
  CONSTRAINT `FK_SheepLot_SheepAuction` FOREIGN KEY (`auctionId`) REFERENCES `sheepauction` (`id`),
  CONSTRAINT `FK_SheepLot_StockAgent_agent` FOREIGN KEY (`agent`) REFERENCES `stockagent` (`id`),
  CONSTRAINT `FK_SheepLot_StockAgent_auctioneer` FOREIGN KEY (`auctioneer`) REFERENCES `stockagent` (`id`)
) ENGINE=InnoDB DEFAULT CHARSET=utf8mb4 COLLATE=utf8mb4_0900_ai_ci;
/*!40101 SET character_set_client = @saved_cs_client */;

--
-- Dumping data for table `sheeplot`
--

LOCK TABLES `sheeplot` WRITE;
/*!40000 ALTER TABLE `sheeplot` DISABLE KEYS */;
INSERT INTO `sheeplot` (`auctionId`, `lotNumber`, `auctionDay`, `seller`, `agent`, `breed`, `sex`, `age`, `quantity`, `reserve`, `auctioneer`, `buyer`, `sellingPricePerHead`, `passedIn`) VALUES ('S1620',101,1620,57,'P_Jan','Romney','R',1,70,NULL,'P_Jan',56,95.00,NULL),('S1620',102,1620,65,'P_Bar','Merino','W',3,10,NULL,'F_Ral',56,90.00,NULL),('S1620',103,1620,41,'P_Jan','Suffolk X','R',2,30,NULL,'P_Jan',61,92.00,NULL),('S1620',104,1620,41,'P_Jan','Romney','R',2,85,NULL,'P_Jan',65,97.00,NULL),('S1620',105,1620,78,'D_Dav','Merino','W',2,40,NULL,'D_Dav',78,81.00,NULL),('S1620',106,1620,86,'F_Shr','Merino','E',3,55,NULL,'F_Ral',65,93.00,NULL),('S1620',107,1620,43,'F_Shr','Merino','E',1,90,NULL,'F_Mik',54,89.00,NULL),('S1620',108,1620,87,'P_Bar','Merino','R',2,15,NULL,'P_Jan',65,92.00,NULL),('S1620',109,1620,87,'P_Bar','Romney','W',1,60,NULL,'P_Jan',46,90.00,NULL),('S1620',110,1620,43,'F_Shr','Romney','W',3,10,NULL,'F_Mik',65,84.00,NULL),('S1620',111,1620,61,'F_Mic','Merino','W',3,85,NULL,'F_Mik',74,90.00,NULL),('S1620',112,1620,86,'F_Shr','Romney','W',1,25,NULL,'F_Ral',62,81.00,NULL),('S1620',113,1620,58,'P_Jan','Merino','E',1,35,NULL,'P_Jan',62,104.00,NULL),('S1620',114,1620,39,'F_Ral','Suffolk X','R',1,60,NULL,'F_Ral',65,104.00,NULL),('S1620',115,1620,85,'F_Leo','Romney','W',1,40,90.00,'F_Mik',77,93.00,NULL),('S1620',116,1620,39,'F_Ral','Merino','R',3,70,NULL,'F_Ral',59,82.00,NULL),('S1620',117,1620,39,'F_Ral','Merino','R',3,30,NULL,'F_Ral',46,94.00,NULL),('S1620',118,1620,43,'F_Shr','Merino','W',1,70,NULL,'F_Ral',60,104.00,NULL),('S1620',119,1620,77,'F_Don','Merino','E',2,55,NULL,'F_Don',78,81.00,NULL),('S1620',120,1620,60,'D_Dav','Romney','E',1,35,NULL,'D_Dav',79,83.00,NULL),('S1620',121,1620,74,'F_Don','Romney','R',1,90,NULL,'F_Don',78,79.00,NULL),('S1620',122,1620,70,'P_Bar','Romney','W',2,95,NULL,'P_Jan',80,87.00,NULL),('S1620',123,1620,87,'P_Bar','Merino','W',3,20,NULL,'P_Jan',61,97.00,NULL),('S1620',124,1620,37,'F_Mic','Suffolk X','W',2,70,NULL,'F_Don',48,86.00,NULL),('S1620',125,1620,41,'P_Jan','Romney','W',1,40,NULL,'P_Jan',56,86.00,NULL),('S1620',126,1620,38,'P_Jan','Merino','E',1,80,NULL,'P_Jan',39,103.00,NULL),('S1620',127,1620,85,'F_Leo','Merino','R',1,30,NULL,'F_Mik',60,87.00,NULL),('S1620',128,1620,69,'D_Dav','Merino','W',2,25,NULL,'D_Dav',61,105.00,NULL),('S1620',129,1620,69,'D_Dav','Merino','R',2,45,NULL,'D_Dav',61,86.00,NULL),('S1620',130,1620,41,'P_Jan','Romney','R',1,15,NULL,'P_Jan',66,87.00,NULL),('S1620',131,1620,69,'D_Dav','Romney','W',2,45,NULL,'D_Dav',62,82.00,NULL),('S1620',132,1620,69,'D_Dav','Romney','E',1,85,NULL,'D_Dav',59,86.00,NULL),('S1620',133,1620,88,'F_Mik','Merino','E',3,75,NULL,'F_Mik',75,83.00,NULL),('S1620',134,1620,58,'P_Jan','Suffolk X','R',3,60,NULL,'P_Jan',63,79.00,NULL),('S1620',135,1620,69,'D_Dav','Romney','W',1,30,NULL,'D_Dav',60,78.00,NULL),('S1620',136,1620,65,'P_Bar','Merino','W',1,95,NULL,'F_Ral',60,105.00,NULL),('S1620',137,1620,87,'P_Bar','Merino','W',3,20,NULL,'P_Jan',79,98.00,NULL),('S1620',138,1620,61,'F_Mic','Merino','W',2,40,NULL,'F_Mik',66,78.00,NULL),('S1620',139,1620,41,'P_Jan','Merino','E',1,35,120.00,'P_Jan',62,NULL,_binary ''),('S1620',140,1620,58,'P_Jan','Romney','R',3,25,NULL,'P_Jan',54,89.00,NULL),('S1620',141,1620,60,'D_Dav','Romney','W',2,100,NULL,'D_Dav',56,81.00,NULL),('S1620',142,1620,42,'F_Don','Romney','R',3,30,NULL,'F_Don',60,94.00,NULL),('S1620',143,1620,32,'P_Lis','Merino','R',3,10,NULL,'P_Jan',79,100.00,NULL),('S1620',144,1620,37,'F_Mic','Suffolk X','W',2,100,NULL,'F_Don',74,101.00,NULL),('S1620',145,1620,86,'F_Shr','Romney','E',2,35,NULL,'F_Mik',80,93.00,NULL),('S1620',146,1620,65,'P_Bar','Merino','E',1,70,NULL,'F_Ral',61,89.00,NULL),('S1620',147,1620,101,'F_Dav','Merino','W',1,30,NULL,'F_Mik',62,81.00,NULL),('S1620',148,1620,84,'F_Shr','Romney','W',3,10,NULL,'F_Ral',62,81.00,NULL),('S1620',149,1620,42,'F_Don','Romney','W',1,45,NULL,'F_Don',78,97.00,NULL),('S1620',150,1620,42,'F_Don','Romney','E',3,55,NULL,'F_Don',63,100.00,NULL),('S1620',151,1620,65,'P_Bar','Merino','R',3,25,NULL,'F_Ral',65,87.00,NULL),('S1620',152,1620,78,'D_Dav','Suffolk X','W',3,45,NULL,'D_Dav',79,78.00,NULL),('S1620',153,1620,43,'F_Shr','Romney','R',3,10,NULL,'F_Ral',75,80.00,NULL),('S1620',154,1620,87,'P_Bar','Merino','R',1,5,NULL,'P_Jan',62,84.00,NULL),('S1620',155,1620,78,'D_Dav','Merino','W',3,20,NULL,'D_Dav',61,79.00,NULL),('S1620',156,1620,84,'F_Shr','Merino','E',2,55,100.00,'F_Ral',80,NULL,_binary ''),('S1620',157,1620,58,'P_Jan','Merino','E',2,70,NULL,'P_Jan',80,91.00,NULL),('S1620',158,1620,76,'D_Big','Romney','R',3,15,NULL,'D_Big',62,100.00,NULL),('S1620',159,1620,39,'F_Ral','Romney','W',3,40,NULL,'F_Ral',48,97.00,NULL),('S1620',160,1620,88,'F_Mik','Romney','W',3,100,75.00,'F_Mik',61,81.00,NULL),('S1620',161,1620,88,'F_Mik','Merino','W',3,60,NULL,'F_Mik',56,98.00,NULL),('S1620',162,1620,85,'F_Leo','Suffolk X','W',2,25,NULL,'F_Mik',48,84.00,NULL),('S1620',163,1620,59,'D_Dav','Romney','E',1,80,NULL,'D_Dav',64,90.00,NULL),('S1620',164,1620,32,'P_Lis','Merino','R',3,40,NULL,'P_Jan',65,96.00,NULL),('S1620',165,1620,101,'F_Dav','Merino','W',1,25,NULL,'F_Mik',77,95.00,NULL),('S1620',166,1620,57,'P_Jan','Merino','R',2,15,NULL,'P_Jan',48,100.00,NULL),('S1620',167,1620,60,'D_Dav','Merino','R',3,45,NULL,'D_Dav',79,85.00,NULL),('S1620',168,1620,40,'F_Dav','Romney','W',2,45,NULL,'F_Don',63,81.00,NULL),('S1620',169,1620,49,'F_Mik','Romney','E',1,20,NULL,'F_Mik',64,88.00,NULL),('S1620',170,1620,32,'P_Lis','Romney','E',3,25,NULL,'P_Jan',61,92.00,NULL),('S1620',171,1620,58,'P_Jan','Merino','R',1,50,NULL,'P_Jan',63,78.00,NULL),('S1620',172,1620,65,'P_Bar','Suffolk X','W',1,20,NULL,'F_Ral',75,81.00,NULL),('S1620',173,1620,39,'F_Ral','Romney','W',1,70,NULL,'F_Ral',73,90.00,NULL),('S1620',174,1620,38,'P_Jan','Merino','W',3,90,NULL,'P_Jan',60,95.00,NULL),('S1620',175,1620,41,'P_Jan','Merino','W',3,65,NULL,'P_Jan',39,86.00,NULL),('S1620',176,1620,58,'P_Jan','Merino','E',3,35,NULL,'P_Jan',65,87.00,NULL),('S1620',177,1620,58,'P_Jan','Merino','R',3,5,NULL,'P_Jan',66,98.00,NULL),('S1620',178,1620,39,'F_Ral','Romney','W',3,75,NULL,'F_Ral',54,97.00,NULL),('S1620',179,1620,61,'F_Mic','Romney','R',2,35,NULL,'F_Mik',77,104.00,NULL),('S1620',180,1620,43,'F_Shr','Romney','R',2,60,NULL,'F_Mik',65,90.00,NULL),('S1620',181,1620,43,'F_Shr','Merino','W',1,15,NULL,'F_Mik',64,103.00,NULL),('S1620',182,1620,41,'P_Jan','Suffolk X','E',2,45,72.00,'P_Jan',65,78.00,NULL),('S1620',183,1620,86,'F_Shr','Romney','E',2,25,NULL,'F_Ral',63,79.00,NULL),('S1620',184,1620,101,'F_Dav','Merino','R',1,70,NULL,'F_Mik',65,103.00,NULL),('S1620',185,1620,43,'F_Shr','Merino','W',3,100,NULL,'F_Mik',46,86.00,NULL),('S1620',186,1620,34,'F_Mic','Merino','W',3,35,NULL,'F_Don',48,97.00,NULL),('S1620',187,1620,84,'F_Shr','Merino','W',2,10,NULL,'F_Ral',63,91.00,NULL),('S1620',188,1620,41,'P_Jan','Romney','W',1,55,NULL,'P_Jan',79,94.00,NULL),('S1620',189,1620,58,'P_Jan','Romney','E',2,45,NULL,'P_Jan',73,87.00,NULL),('S1620',190,1620,86,'F_Shr','Romney','R',2,10,NULL,'F_Ral',74,96.00,NULL),('S1620',191,1620,61,'F_Mic','Merino','W',3,50,NULL,'F_Mik',61,91.00,NULL),('S1620',192,1620,85,'F_Leo','Suffolk X','R',1,40,101.00,'F_Mik',59,104.00,NULL),('S1620',193,1620,69,'D_Dav','Romney','R',3,40,NULL,'D_Dav',46,97.00,NULL),('S1620',194,1620,65,'P_Bar','Merino','W',1,70,NULL,'F_Ral',74,87.00,NULL),('S1620',195,1620,62,'P_Lis','Merino','E',2,75,NULL,'P_Jan',59,81.00,NULL),('S1620',196,1620,86,'F_Shr','Merino','E',1,55,NULL,'F_Ral',54,95.00,NULL),('S1620',197,1620,60,'D_Dav','Merino','R',3,65,NULL,'D_Dav',80,101.00,NULL),('S1620',198,1620,34,'F_Mic','Romney','W',2,10,NULL,'F_Don',56,92.00,NULL),('S1620',199,1620,60,'D_Dav','Romney','W',2,20,NULL,'D_Dav',39,89.00,NULL),('S1620',200,1620,57,'P_Jan','Merino','W',1,15,NULL,'P_Jan',73,78.00,NULL),('S1620',201,1620,40,'F_Dav','Suffolk X','E',1,10,NULL,'F_Don',64,94.00,NULL),('S1620',202,1620,40,'F_Dav','Romney','R',2,45,NULL,'F_Don',75,86.00,NULL),('S1620',203,1620,59,'D_Dav','Merino','W',3,40,72.00,'D_Dav',66,81.00,NULL),('S1620',204,1620,39,'F_Ral','Merino','R',3,75,NULL,'F_Ral',66,101.00,NULL),('S1620',205,1620,100,'F_Leo','Merino','R',2,20,NULL,'F_Don',60,82.00,NULL),('S1620',206,1620,70,'P_Bar','Romney','E',2,100,NULL,'P_Jan',48,103.00,NULL),('S1620',207,1620,42,'F_Don','Romney','E',3,60,84.00,'F_Don',46,100.00,NULL),('S1620',208,1620,101,'F_Dav','Romney','R',3,45,NULL,'F_Mik',62,97.00,NULL),('S1620',209,1620,87,'P_Bar','Merino','W',1,80,NULL,'P_Jan',61,87.00,NULL),('S1620',210,1620,57,'P_Jan','Suffolk X','W',3,95,NULL,'P_Jan',66,83.00,NULL),('S1620',211,1620,101,'F_Dav','Romney','W',2,100,NULL,'F_Mik',74,94.00,NULL),('S1620',212,1620,58,'P_Jan','Merino','W',2,95,NULL,'P_Jan',74,92.00,NULL),('S1620',213,1620,70,'P_Bar','Merino','E',1,40,NULL,'P_Jan',61,91.00,NULL),('S1620',214,1620,74,'F_Don','Merino','R',1,60,NULL,'F_Don',77,79.00,NULL),('S1620',215,1620,39,'F_Ral','Merino','W',2,20,NULL,'F_Ral',65,94.00,NULL),('S1620',216,1620,88,'F_Mik','Romney','R',2,15,NULL,'F_Mik',54,92.00,NULL),('S1620',217,1620,57,'P_Jan','Romney','W',3,80,NULL,'P_Jan',62,82.00,NULL),('S1620',218,1620,69,'D_Dav','Merino','E',2,10,NULL,'D_Dav',65,91.00,NULL),('S1620',219,1620,38,'P_Jan','Suffolk X','E',3,20,NULL,'P_Jan',63,102.00,NULL),('S1620',220,1620,38,'P_Jan','Romney','R',1,80,NULL,'P_Jan',54,97.00,NULL),('S1620',221,1620,57,'P_Jan','Merino','W',2,5,NULL,'P_Jan',48,102.00,NULL),('S1620',222,1620,84,'F_Shr','Merino','W',2,25,NULL,'F_Ral',61,103.00,NULL),('S1620',223,1620,41,'P_Jan','Merino','W',3,15,NULL,'P_Jan',66,93.00,NULL),('S1620',224,1620,61,'F_Mic','Merino','W',2,15,NULL,'F_Mik',56,104.00,NULL),('S1620',225,1620,87,'P_Bar','Romney','E',1,5,NULL,'P_Jan',77,89.00,NULL),('S1620',226,1620,59,'D_Dav','Romney','R',3,15,75.00,'D_Dav',59,83.00,NULL),('S1620',227,1620,40,'F_Dav','Romney','W',1,20,NULL,'F_Don',66,85.00,NULL),('S1620',228,1620,88,'F_Mik','Merino','R',1,35,NULL,'F_Mik',63,84.00,NULL),('S1620',229,1620,43,'F_Shr','Suffolk X','R',1,10,NULL,'F_Mik',78,78.00,NULL),('S1620',230,1620,69,'D_Dav','Romney','W',1,75,NULL,'D_Dav',62,81.00,NULL),('S1620',231,1620,88,'F_Mik','Merino','E',3,50,NULL,'F_Mik',66,99.00,NULL),('S1620',232,1620,84,'F_Shr','Merino','E',3,90,NULL,'F_Ral',73,95.00,NULL),('S1620',233,1620,39,'F_Ral','Merino','R',1,10,NULL,'F_Ral',66,101.00,NULL),('S1620',234,1620,65,'P_Bar','Merino','W',2,45,NULL,'F_Ral',77,88.00,NULL),('S1620',235,1620,70,'P_Bar','Romney','W',3,40,NULL,'P_Jan',46,85.00,NULL),('S1620',236,1620,38,'P_Jan','Romney','W',2,25,NULL,'P_Jan',63,84.00,NULL),('S1620',237,1620,87,'P_Bar','Romney','W',2,30,NULL,'P_Jan',66,97.00,NULL),('S1620',238,1620,41,'P_Jan','Merino','E',2,100,NULL,'P_Jan',61,93.00,NULL),('S1620',239,1620,43,'F_Shr','Suffolk X','R',1,15,NULL,'F_Ral',61,79.00,NULL),('S1620',240,1620,86,'F_Shr','Romney','W',2,45,NULL,'F_Ral',39,88.00,NULL),('S1620',241,1620,65,'P_Bar','Merino','R',1,35,NULL,'F_Ral',77,97.00,NULL),('S1620',242,1620,43,'F_Shr','Merino','R',3,45,NULL,'F_Mik',61,95.00,NULL),('S1620',243,1620,85,'F_Leo','Merino','W',2,25,NULL,'F_Mik',79,94.00,NULL),('S1620',244,1620,42,'F_Don','Merino','E',2,10,NULL,'F_Don',56,87.00,NULL),('S1620',245,1620,40,'F_Dav','Romney','E',2,100,NULL,'F_Don',61,84.00,NULL),('S1620',246,1620,38,'P_Jan','Romney','R',2,100,NULL,'P_Jan',65,78.00,NULL),('S1620',247,1620,43,'F_Shr','Romney','W',2,65,NULL,'F_Mik',61,100.00,NULL),('S1620',248,1620,101,'F_Dav','Merino','W',1,5,NULL,'F_Mik',79,91.00,NULL),('S1620',249,1620,39,'F_Ral','Suffolk X','W',3,15,NULL,'F_Ral',62,97.00,NULL),('S1620',250,1620,77,'F_Don','Romney','W',1,65,NULL,'F_Don',80,89.00,NULL),('S1620',251,1620,58,'P_Jan','Merino','E',1,75,NULL,'P_Jan',74,97.00,NULL),('S1620',252,1620,40,'F_Dav','Merino','R',1,75,NULL,'F_Don',73,102.00,NULL),('S1620',253,1620,58,'P_Jan','Merino','W',2,25,NULL,'P_Jan',66,98.00,NULL),('S1620',254,1620,78,'D_Dav','Merino','R',2,35,NULL,'D_Dav',75,78.00,NULL),('S1620',255,1620,61,'F_Mic','Romney','R',3,85,NULL,'F_Mik',54,78.00,NULL),('S1620',256,1620,59,'D_Dav','Romney','W',1,20,NULL,'D_Dav',56,93.00,NULL),('S1620',257,1620,101,'F_Dav','Romney','E',1,60,NULL,'F_Mik',61,95.00,NULL),('S1620',258,1620,32,'P_Lis','Merino','E',2,20,NULL,'P_Jan',65,81.00,NULL),('S1620',259,1620,86,'F_Shr','Suffolk X','R',1,80,NULL,'F_Ral',39,89.00,NULL),('S1620',260,1620,41,'P_Jan','Romney','W',3,60,NULL,'P_Jan',60,103.00,NULL),('S1620',261,1620,74,'F_Don','Merino','W',2,50,NULL,'F_Don',64,102.00,NULL),('S1620',262,1620,49,'F_Mik','Merino','W',1,75,NULL,'F_Mik',60,80.00,NULL),('S1620',263,1620,60,'D_Dav','Merino','W',1,50,NULL,'D_Dav',61,86.00,NULL),('S1620',264,1620,85,'F_Leo','Merino','E',2,20,NULL,'F_Mik',74,102.00,NULL),('S1620',265,1620,34,'F_Mic','Romney','R',3,10,80.00,'F_Don',56,86.00,NULL),('S1620',266,1620,78,'D_Dav','Romney','W',1,20,NULL,'D_Dav',66,83.00,NULL),('S1620',267,1620,74,'F_Don','Romney','R',1,10,NULL,'F_Don',66,83.00,NULL),('S1620',268,1620,43,'F_Shr','Merino','R',1,55,NULL,'F_Mik',46,101.00,NULL),('S1620',269,1620,43,'F_Shr','Suffolk X','W',1,90,NULL,'F_Mik',75,88.00,NULL),('S1620',270,1620,100,'F_Leo','Romney','E',2,65,NULL,'F_Don',78,84.00,NULL),('S1620',271,1620,38,'P_Jan','Merino','E',2,55,NULL,'P_Jan',46,95.00,NULL),('S1620',272,1620,76,'D_Big','Merino','R',3,40,70.00,'D_Big',48,79.00,NULL),('S1620',273,1620,88,'F_Mik','Merino','W',3,90,NULL,'F_Mik',78,85.00,NULL),('S1620',274,1620,58,'P_Jan','Merino','W',1,5,NULL,'P_Jan',75,101.00,NULL),('S1620',275,1620,86,'F_Shr','Romney','W',1,30,NULL,'F_Ral',62,81.00,NULL),('S1620',276,1620,85,'F_Leo','Romney','W',3,65,NULL,'F_Mik',60,105.00,NULL),('S1620',277,1620,61,'F_Mic','Romney','E',3,25,110.00,'F_Mik',66,NULL,_binary ''),('S1620',278,1620,69,'D_Dav','Merino','R',1,15,NULL,'D_Dav',74,85.00,NULL),('S1620',279,1620,37,'F_Mic','Suffolk X','W',1,95,NULL,'F_Mik',59,101.00,NULL),('S1620',280,1620,43,'F_Shr','Romney','R',1,20,NULL,'F_Mik',79,100.00,NULL),('S1620',281,1620,58,'P_Jan','Merino','R',2,50,NULL,'P_Jan',77,94.00,NULL),('S1620',282,1620,49,'F_Mik','Merino','W',3,10,NULL,'F_Mik',78,81.00,NULL),('S1620',283,1620,69,'D_Dav','Merino','E',1,15,NULL,'D_Dav',63,103.00,NULL),('S1620',284,1620,77,'F_Don','Merino','E',2,10,NULL,'F_Don',39,98.00,NULL),('S1620',285,1620,78,'D_Dav','Romney','R',3,85,NULL,'D_Dav',61,79.00,NULL),('S1620',286,1620,58,'P_Jan','Romney','W',2,65,NULL,'P_Jan',61,102.00,NULL),('S1620',287,1620,76,'D_Big','Romney','W',1,80,NULL,'D_Big',61,87.00,NULL),('S1620',288,1620,76,'D_Big','Merino','W',1,35,NULL,'D_Big',79,96.00,NULL),('S1620',289,1620,74,'F_Don','Suffolk X','W',2,25,NULL,'F_Don',79,86.00,NULL),('S1620',290,1620,62,'P_Lis','Romney','E',2,65,NULL,'P_Jan',46,83.00,NULL),('S1620',291,1620,65,'P_Bar','Merino','R',2,45,NULL,'F_Ral',61,98.00,NULL),('S1620',292,1620,100,'F_Leo','Merino','W',2,75,NULL,'F_Don',63,88.00,NULL),('S1620',293,1620,62,'P_Lis','Merino','R',3,15,NULL,'P_Jan',56,81.00,NULL),('S1620',294,1620,41,'P_Jan','Merino','R',2,45,NULL,'P_Jan',46,96.00,NULL),('S1620',295,1620,69,'D_Dav','Romney','W',2,45,NULL,'D_Dav',65,99.00,NULL),('S1620',296,1620,62,'P_Lis','Romney','E',3,75,NULL,'P_Jan',77,82.00,NULL),('S1620',297,1620,61,'F_Mic','Romney','E',1,20,NULL,'F_Mik',61,90.00,NULL),('S1620',298,1620,60,'D_Dav','Merino','R',3,45,NULL,'D_Dav',75,83.00,NULL),('S1620',299,1620,88,'F_Mik','Suffolk X','W',1,10,NULL,'F_Mik',79,87.00,NULL),('S1620',300,1620,41,'P_Jan','Romney','W',3,35,NULL,'P_Jan',75,96.00,NULL),('S1620',301,1620,100,'F_Leo','Merino','W',3,35,NULL,'F_Mik',61,102.00,NULL),('S1620',302,1620,57,'P_Jan','Merino','W',2,20,NULL,'P_Jan',61,81.00,NULL),('S1620',303,1620,74,'F_Don','Merino','E',2,60,NULL,'F_Don',54,103.00,NULL),('S1620',304,1620,32,'P_Lis','Merino','R',2,25,NULL,'P_Jan',73,84.00,NULL),('S1620',305,1620,37,'F_Mic','Romney','W',1,95,NULL,'F_Don',46,94.00,NULL),('S1620',306,1620,87,'P_Bar','Romney','R',3,85,NULL,'P_Jan',63,87.00,NULL),('S1620',307,1620,43,'F_Shr','Romney','R',3,10,NULL,'F_Ral',79,91.00,NULL),('S1620',308,1620,87,'P_Bar','Merino','W',3,45,NULL,'P_Jan',78,100.00,NULL),('S1620',309,1620,76,'D_Big','Suffolk X','E',3,95,NULL,'D_Big',75,96.00,NULL),('S1620',310,1620,87,'P_Bar','Romney','E',3,50,NULL,'P_Jan',56,81.00,NULL),('S1620',311,1620,84,'F_Shr','Merino','R',3,35,NULL,'F_Ral',59,88.00,NULL),('S1620',312,1620,40,'F_Dav','Merino','W',2,15,NULL,'F_Don',73,85.00,NULL),('S1620',313,1620,37,'F_Mic','Merino','W',1,50,NULL,'F_Don',39,91.00,NULL),('S1620',314,1620,57,'P_Jan','Merino','W',3,35,NULL,'P_Jan',73,78.00,NULL),('S1620',315,1620,70,'P_Bar','Romney','W',1,20,NULL,'P_Jan',46,85.00,NULL),('S1620',316,1620,38,'P_Jan','Romney','E',1,100,NULL,'P_Jan',66,84.00,NULL),('S1620',317,1620,37,'F_Mic','Romney','R',2,40,NULL,'F_Don',39,101.00,NULL),('S1620',318,1620,61,'F_Mic','Merino','W',3,20,NULL,'F_Mik',64,79.00,NULL),('S1620',319,1620,32,'P_Lis','Suffolk X','R',1,25,NULL,'P_Jan',60,102.00,NULL),('S1620',320,1620,49,'F_Mik','Romney','R',2,35,NULL,'F_Mik',64,95.00,NULL),('S1620',321,1620,39,'F_Ral','Merino','W',2,45,NULL,'F_Ral',65,96.00,NULL),('S1620',322,1620,38,'P_Jan','Merino','E',2,20,NULL,'P_Jan',59,89.00,NULL),('S1620',323,1620,43,'F_Shr','Merino','E',2,20,NULL,'F_Ral',80,81.00,NULL),('S1620',324,1620,62,'P_Lis','Merino','R',3,50,NULL,'P_Jan',56,80.00,NULL),('S1620',325,1620,65,'P_Bar','Romney','W',2,20,NULL,'F_Ral',79,84.00,NULL),('S1620',326,1620,88,'F_Mik','Romney','W',2,45,NULL,'F_Mik',56,82.00,NULL),('S1620',327,1620,40,'F_Dav','Romney','W',3,85,NULL,'F_Don',62,104.00,NULL),('S1620',328,1620,74,'F_Don','Merino','W',1,35,NULL,'F_Don',59,90.00,NULL),('S1620',329,1620,60,'D_Dav','Suffolk X','E',2,30,80.00,'D_Dav',63,100.00,NULL),('S1620',330,1620,85,'F_Leo','Romney','R',1,10,NULL,'F_Mik',39,92.00,NULL),('S1620',331,1620,40,'F_Dav','Merino','W',1,70,NULL,'F_Don',73,104.00,NULL),('S1620',332,1620,39,'F_Ral','Merino','R',3,5,NULL,'F_Ral',61,90.00,NULL),('S1620',333,1620,78,'D_Dav','Merino','R',2,50,NULL,'D_Dav',65,98.00,NULL),('S1620',334,1620,101,'F_Dav','Merino','W',2,35,NULL,'F_Mik',66,87.00,NULL),('S1620',335,1620,70,'P_Bar','Romney','E',1,85,NULL,'P_Jan',77,87.00,NULL),('S1620',336,1620,59,'D_Dav','Romney','E',1,40,NULL,'D_Dav',78,101.00,NULL),('S1620',337,1620,41,'P_Jan','Romney','R',3,45,100.00,'P_Jan',46,103.00,NULL),('S1620',338,1620,62,'P_Lis','Merino','W',1,40,NULL,'P_Jan',46,89.00,NULL),('S1620',339,1620,59,'D_Dav','Suffolk X','W',1,35,NULL,'D_Dav',78,85.00,NULL),('S1620',340,1620,42,'F_Don','Romney','W',2,75,95.00,'F_Don',56,98.00,NULL),('S1620',341,1620,87,'P_Bar','Merino','W',2,25,NULL,'P_Jan',54,90.00,NULL),('S1620',342,1620,38,'P_Jan','Merino','E',3,35,NULL,'P_Jan',64,82.00,NULL),('S1620',343,1620,41,'P_Jan','Merino','R',2,20,NULL,'P_Jan',73,91.00,NULL),('S1620',344,1620,40,'F_Dav','Merino','W',1,65,NULL,'F_Don',39,84.00,NULL),('S1620',345,1620,58,'P_Jan','Romney','R',2,45,NULL,'P_Jan',75,98.00,NULL),('S1620',346,1620,85,'F_Leo','Romney','R',2,15,NULL,'F_Mik',62,89.00,NULL),('S1620',347,1620,41,'P_Jan','Merino','W',3,20,NULL,'P_Jan',66,99.00,NULL),('S1620',348,1620,59,'D_Dav','Romney','E',2,20,NULL,'D_Dav',77,83.00,NULL),('S1620',349,1620,88,'F_Mik','Merino','E',1,100,NULL,'F_Mik',54,79.00,NULL),('S1620',350,1620,57,'P_Jan','Suffolk X','R',1,80,NULL,'P_Jan',77,80.00,NULL),('S1620',351,1620,38,'P_Jan','Romney','W',2,25,NULL,'P_Jan',61,87.00,NULL),('S1620',352,1620,76,'D_Big','Merino','W',2,40,NULL,'D_Big',61,93.00,NULL),('S1620',353,1620,60,'D_Dav','Merino','W',2,40,NULL,'D_Dav',56,83.00,NULL),('S1620',354,1620,84,'F_Shr','Merino','W',3,75,NULL,'F_Ral',39,84.00,NULL),('S1620',355,1620,61,'F_Mic','Merino','E',3,50,NULL,'F_Mik',75,96.00,NULL),('S1620',356,1620,38,'P_Jan','Romney','R',2,40,NULL,'P_Jan',80,100.00,NULL),('S1620',357,1620,39,'F_Ral','Romney','W',1,50,NULL,'F_Ral',66,105.00,NULL),('S1620',358,1620,70,'P_Bar','Merino','R',1,10,NULL,'P_Jan',74,84.00,NULL),('S1620',359,1620,76,'D_Big','Merino','R',2,40,NULL,'D_Big',61,91.00,NULL),('S1620',360,1620,74,'F_Don','Merino','W',3,25,NULL,'F_Don',66,80.00,NULL),('S1620',361,1620,62,'P_Lis','Merino','E',3,100,NULL,'P_Jan',60,82.00,NULL),('S1620',362,1620,39,'F_Ral','Merino','E',2,65,NULL,'F_Ral',62,78.00,NULL),('S1620',363,1620,38,'P_Jan','Merino','R',2,65,NULL,'P_Jan',62,88.00,NULL),('S1620',364,1620,41,'F_Dav','Charolais','S',2,30,0.00,'F_Don',NULL,NULL,NULL),('S1620',366,1620,41,'F_Dav','Charolais','S',2,30,0.00,'F_Don',NULL,NULL,NULL),('S1620',368,1620,41,'F_Dav','Charolais','S',2,30,0.00,'F_Don',NULL,NULL,NULL),('S1621',101,1621,57,'P_Jan','Romney','W',3,10,0.00,'P_Jan',79,114.00,_binary '\0'),('S1621',102,1621,86,'F_Shr','Merino','R',2,33,0.00,'F_Ral',65,104.00,_binary '\0'),('S1621',103,1621,43,'F_Shr','Merino','E',2,16,0.00,'F_Mik',69,110.00,_binary '\0'),('S1621',104,1621,84,'F_Shr','Merino','W',1,56,0.00,'F_Ral',135,103.00,_binary '\0'),('S1621',105,1621,49,'F_Mik','Romney','W',2,18,0.00,'F_Mik',85,119.00,_binary '\0'),('S1621',106,1621,86,'F_Shr','Merino','R',3,53,0.00,'F_Mik',70,82.00,_binary '\0'),('S1621',107,1621,62,'P_Lis','Romney','E',1,33,0.00,'P_Jan',131,116.00,_binary '\0'),('S1621',108,1621,65,'P_Bar','Suffolk X','E',3,46,0.00,'F_Ral',85,94.00,_binary '\0'),('S1621',109,1621,57,'P_Jan','Romney','W',1,109,0.00,'P_Jan',73,82.00,_binary '\0'),('S1621',110,1621,43,'F_Shr','Romney','R',3,95,0.00,'F_Ral',103,88.00,_binary '\0'),('S1621',111,1621,70,'P_Bar','Romney','E',3,78,0.00,'P_Jan',85,110.00,_binary '\0'),('S1621',112,1621,41,'P_Jan','Romney','R',3,27,0.00,'P_Jan',62,83.00,_binary '\0'),('S1621',113,1621,57,'P_Jan','Romney','W',2,72,0.00,'P_Jan',85,81.00,_binary '\0'),('S1621',114,1621,87,'P_Bar','Romney','R',3,35,0.00,'P_Jan',104,90.00,_binary '\0'),('S1621',115,1621,39,'F_Ral','Romney','W',3,91,0.00,'F_Ral',103,119.00,_binary '\0'),('S1621',116,1621,69,'D_Dav','Merino','R',3,99,0.00,'D_Dav',62,118.00,_binary '\0'),('S1621',117,1621,78,'D_Dav','Suffolk X','W',3,69,0.00,'D_Dav',123,81.00,_binary '\0'),('S1621',118,1621,41,'P_Jan','Merino','R',2,92,0.00,'P_Jan',78,100.00,_binary '\0'),('S1621',119,1621,32,'P_Lis','Romney','R',3,57,100.00,'P_Jan',88,113.00,_binary '\0'),('S1621',120,1621,60,'D_Dav','Merino','E',1,33,0.00,'D_Dav',79,107.00,_binary '\0'),('S1621',121,1621,38,'P_Jan','Merino','E',3,62,0.00,'P_Jan',65,100.00,_binary '\0'),('S1621',122,1621,65,'P_Bar','Romney','E',2,27,0.00,'F_Ral',127,86.00,_binary '\0'),('S1621',123,1621,61,'F_Mic','Merino','R',3,38,0.00,'F_Mik',88,98.00,_binary '\0'),('S1621',124,1621,59,'D_Dav','Merino','E',3,82,0.00,'D_Dav',104,82.00,_binary '\0'),('S1621',125,1621,61,'F_Mic','Merino','W',2,44,0.00,'F_Mik',64,116.00,_binary '\0'),('S1621',126,1621,69,'D_Dav','Merino','R',1,30,0.00,'D_Dav',78,83.00,_binary '\0'),('S1621',127,1621,86,'F_Shr','Suffolk X','E',2,42,80.00,'F_Ral',131,110.00,_binary '\0'),('S1621',128,1621,32,'P_Lis','Romney','E',2,17,101.00,'P_Jan',71,117.00,_binary '\0'),('S1621',129,1621,85,'F_Leo','Merino','E',2,54,0.00,'F_Mik',127,113.00,_binary '\0'),('S1621',130,1621,41,'P_Jan','Romney','E',2,73,0.00,'P_Jan',125,89.00,_binary '\0'),('S1621',131,1621,38,'P_Jan','Suffolk X','W',1,99,0.00,'P_Jan',65,94.00,_binary '\0'),('S1621',132,1621,104,'F_Dav','Merino','R',3,66,0.00,'F_Mik',66,118.00,_binary '\0'),('S1621',133,1621,104,'F_Dav','Romney','W',2,58,0.00,'F_Mik',133,102.00,_binary '\0'),('S1621',134,1621,59,'D_Dav','Romney','E',2,108,0.00,'D_Dav',80,96.00,_binary '\0'),('S1621',135,1621,38,'P_Jan','Romney','W',3,66,0.00,'P_Jan',73,114.00,_binary '\0'),('S1621',136,1621,59,'D_Dav','Merino','E',3,86,0.00,'D_Dav',62,95.00,_binary '\0'),('S1621',137,1621,43,'F_Shr','Romney','R',1,34,0.00,'F_Mik',65,112.00,_binary '\0'),('S1621',138,1621,70,'P_Bar','Merino','R',2,71,0.00,'P_Jan',66,85.00,_binary '\0'),('S1621',139,1621,104,'F_Dav','Suffolk X','E',3,104,0.00,'F_Mik',125,97.00,_binary '\0'),('S1621',140,1621,70,'P_Bar','Romney','W',3,61,0.00,'P_Jan',67,87.00,_binary '\0'),('S1621',141,1621,76,'D_Big','Romney','E',3,14,0.00,'D_Big',75,119.00,_binary '\0'),('S1621',142,1621,41,'P_Jan','Merino','W',1,62,0.00,'P_Jan',88,81.00,_binary '\0'),('S1621',143,1621,62,'P_Lis','Merino','W',3,0,0.00,'P_Jan',103,119.00,_binary '\0'),('S1621',144,1621,62,'P_Lis','Suffolk X','W',1,21,0.00,'P_Jan',129,120.00,_binary '\0'),('S1621',145,1621,43,'F_Shr','Merino','E',2,58,0.00,'F_Mik',103,115.00,_binary '\0'),('S1621',146,1621,61,'F_Mic','Romney','W',1,32,0.00,'F_Mik',80,104.00,_binary '\0'),('S1621',147,1621,69,'D_Dav','Merino','R',2,9,0.00,'D_Dav',127,95.00,_binary '\0'),('S1621',148,1621,62,'P_Lis','Merino','E',3,56,0.00,'P_Jan',88,112.00,_binary '\0'),('S1621',149,1621,34,'F_Mic','Merino','W',3,22,0.00,'F_Don',67,113.00,_binary '\0'),('S1621',150,1621,104,'F_Dav','Romney','W',1,42,0.00,'F_Mik',85,85.00,_binary '\0'),('S1621',151,1621,78,'D_Dav','Romney','W',1,90,0.00,'D_Dav',73,95.00,_binary '\0'),('S1621',152,1621,58,'P_Jan','Merino','W',1,6,0.00,'P_Jan',80,82.00,_binary '\0'),('S1621',153,1621,40,'F_Dav','Merino','W',1,112,0.00,'F_Don',66,103.00,_binary '\0'),('S1621',154,1621,87,'P_Bar','Merino','R',3,39,0.00,'P_Jan',103,103.00,_binary '\0'),('S1621',155,1621,87,'P_Bar','Merino','R',3,18,0.00,'P_Jan',62,110.00,_binary '\0'),('S1621',156,1621,58,'P_Jan','Merino','E',3,106,0.00,'P_Jan',103,89.00,_binary '\0'),('S1621',157,1621,86,'F_Shr','Romney','R',3,30,0.00,'F_Ral',73,81.00,_binary '\0'),('S1621',158,1621,58,'P_Jan','Merino','W',1,5,0.00,'P_Jan',129,87.00,_binary '\0'),('S1621',159,1621,59,'D_Dav','Merino','R',1,96,0.00,'D_Dav',79,115.00,_binary '\0'),('S1621',160,1621,37,'F_Mic','Merino','W',2,63,0.00,'F_Don',127,95.00,_binary '\0'),('S1621',161,1621,104,'F_Dav','Merino','E',1,18,0.00,'F_Mik',70,115.00,_binary '\0'),('S1621',162,1621,65,'P_Bar','Merino','E',2,62,0.00,'F_Ral',74,82.00,_binary '\0'),('S1621',163,1621,40,'F_Dav','Merino','W',3,34,72.00,'F_Don',133,92.00,_binary '\0'),('S1621',164,1621,65,'P_Bar','Romney','W',1,16,0.00,'F_Ral',71,81.00,_binary '\0'),('S1621',165,1621,88,'F_Mik','Merino','E',1,109,0.00,'F_Mik',75,83.00,_binary '\0'),('S1621',166,1621,65,'P_Bar','Romney','E',3,73,0.00,'F_Ral',78,114.00,_binary '\0'),('S1621',167,1621,41,'P_Jan','Merino','R',1,42,0.00,'P_Jan',67,110.00,_binary '\0'),('S1621',168,1621,40,'F_Dav','Merino','E',2,8,0.00,'F_Don',74,92.00,_binary '\0'),('S1621',169,1621,69,'D_Dav','Romney','E',1,53,0.00,'D_Dav',123,84.00,_binary '\0'),('S1621',170,1621,74,'F_Don','Merino','W',3,61,0.00,'F_Don',71,97.00,_binary '\0'),('S1621',171,1621,43,'F_Shr','Merino','R',2,62,0.00,'F_Mik',73,91.00,_binary '\0'),('S1621',172,1621,58,'P_Jan','Merino','W',1,75,0.00,'P_Jan',86,92.00,_binary '\0'),('S1621',173,1621,39,'F_Ral','Suffolk X','R',1,11,0.00,'F_Ral',80,106.00,_binary '\0'),('S1621',174,1621,59,'D_Dav','Suffolk X','W',2,122,0.00,'D_Dav',65,104.00,_binary '\0'),('S1621',175,1621,74,'F_Don','Merino','E',1,81,0.00,'F_Don',85,115.00,_binary '\0'),('S1621',176,1621,65,'P_Bar','Romney','W',1,54,0.00,'F_Ral',78,93.00,_binary '\0'),('S1621',177,1621,41,'P_Jan','Romney','W',2,19,0.00,'P_Jan',123,116.00,_binary '\0'),('S1621',178,1621,32,'P_Lis','Merino','W',3,55,0.00,'P_Jan',70,101.00,_binary '\0'),('S1621',179,1621,88,'F_Mik','Merino','E',1,17,0.00,'F_Mik',123,104.00,_binary '\0'),('S1621',180,1621,61,'F_Mic','Merino','E',2,25,0.00,'F_Mik',67,112.00,_binary '\0'),('S1621',181,1621,58,'P_Jan','Merino','R',3,27,0.00,'P_Jan',78,108.00,_binary '\0'),('S1621',182,1621,58,'P_Jan','Merino','R',3,32,0.00,'P_Jan',74,84.00,_binary '\0'),('S1621',183,1621,65,'P_Bar','Merino','W',1,11,0.00,'F_Ral',66,110.00,_binary '\0'),('S1621',184,1621,58,'P_Jan','Merino','W',2,23,0.00,'P_Jan',85,91.00,_binary '\0'),('S1621',185,1621,43,'F_Shr','Romney','W',2,37,0.00,'F_Mik',135,102.00,_binary '\0'),('S1621',186,1621,34,'F_Mic','Merino','E',1,43,0.00,'F_Don',64,113.00,_binary '\0'),('S1621',187,1621,87,'P_Bar','Romney','W',1,26,0.00,'P_Jan',135,87.00,_binary '\0'),('S1621',188,1621,84,'F_Shr','Romney','W',2,51,0.00,'F_Ral',125,88.00,_binary '\0'),('S1621',189,1621,65,'P_Bar','Merino','R',3,61,0.00,'F_Ral',79,120.00,_binary '\0'),('S1621',190,1621,32,'P_Lis','Romney','W',2,41,0.00,'P_Jan',129,86.00,_binary '\0'),('S1621',191,1621,60,'D_Dav','Romney','W',3,86,0.00,'D_Dav',78,110.00,_binary '\0'),('S1621',192,1621,38,'P_Jan','Romney','W',2,19,0.00,'P_Jan',78,103.00,_binary '\0'),('S1621',193,1621,61,'F_Mic','Suffolk X','R',2,48,0.00,'F_Mik',62,100.00,_binary '\0'),('S1621',194,1621,65,'P_Bar','Merino','W',1,52,100.00,'F_Ral',88,100.00,_binary '\0'),('S1621',195,1621,60,'D_Dav','Merino','R',2,65,0.00,'D_Dav',73,84.00,_binary '\0'),('S1621',196,1621,88,'F_Mik','Romney','R',2,25,0.00,'F_Mik',69,84.00,_binary '\0'),('S1621',197,1621,60,'D_Dav','Suffolk X','W',3,44,0.00,'D_Dav',70,106.00,_binary '\0'),('S1621',198,1621,58,'P_Jan','Romney','R',1,29,120.00,'P_Jan',0,0.00,_binary ''),('S1621',199,1621,69,'D_Dav','Merino','W',3,32,0.00,'D_Dav',104,114.00,_binary '\0'),('S1621',200,1621,85,'F_Leo','Romney','R',3,4,80.00,'F_Mik',71,110.00,_binary '\0'),('S1621',201,1621,42,'F_Don','Romney','R',1,29,0.00,'F_Don',86,95.00,_binary '\0'),('S1621',202,1621,74,'F_Don','Merino','R',2,35,0.00,'F_Don',104,116.00,_binary '\0'),('S1621',203,1621,74,'F_Don','Romney','E',2,89,0.00,'F_Don',123,114.00,_binary '\0'),('S1621',204,1621,41,'P_Jan','Merino','R',3,30,0.00,'P_Jan',79,91.00,_binary '\0'),('S1621',205,1621,58,'P_Jan','Romney','R',2,47,0.00,'P_Jan',125,100.00,_binary '\0'),('S1621',206,1621,61,'F_Mic','Merino','W',1,44,0.00,'F_Mik',103,96.00,_binary '\0'),('S1621',207,1621,76,'D_Big','Romney','W',3,29,0.00,'D_Big',65,94.00,_binary '\0'),('S1621',208,1621,103,'F_Leo','Romney','E',2,99,0.00,'F_Don',129,86.00,_binary '\0'),('S1621',209,1621,39,'F_Ral','Merino','R',1,75,0.00,'F_Ral',135,113.00,_binary '\0'),('S1621',210,1621,43,'F_Shr','Romney','W',3,127,0.00,'F_Mik',67,116.00,_binary '\0'),('S1621',211,1621,58,'P_Jan','Romney','W',3,64,0.00,'P_Jan',87,113.00,_binary '\0'),('S1621',212,1621,77,'F_Don','Merino','W',1,98,0.00,'F_Don',74,120.00,_binary '\0'),('S1621',213,1621,39,'F_Ral','Romney','R',2,123,0.00,'F_Ral',79,117.00,_binary '\0'),('S1621',214,1621,62,'P_Lis','Merino','E',2,76,0.00,'P_Jan',125,111.00,_binary '\0'),('S1621',215,1621,104,'F_Dav','Romney','W',1,44,0.00,'F_Mik',63,87.00,_binary '\0'),('S1621',216,1621,38,'P_Jan','Romney','W',2,71,0.00,'P_Jan',84,108.00,_binary '\0'),('S1621',217,1621,38,'P_Jan','Merino','W',2,21,0.00,'P_Jan',66,96.00,_binary '\0'),('S1621',218,1621,37,'F_Mic','Romney','E',1,45,0.00,'F_Don',62,84.00,_binary '\0'),('S1621',219,1621,70,'P_Bar','Merino','W',3,35,0.00,'P_Jan',77,93.00,_binary '\0'),('S1621',220,1621,41,'P_Jan','Merino','W',3,93,0.00,'P_Jan',74,97.00,_binary '\0'),('S1621',221,1621,43,'F_Shr','Romney','W',1,65,0.00,'F_Ral',63,94.00,_binary '\0'),('S1621',222,1621,87,'P_Bar','Romney','E',3,49,0.00,'P_Jan',64,112.00,_binary '\0'),('S1621',223,1621,86,'F_Shr','Merino','W',2,8,0.00,'F_Ral',67,116.00,_binary '\0'),('S1621',224,1621,61,'F_Mic','Romney','R',2,37,0.00,'F_Mik',80,119.00,_binary '\0'),('S1621',225,1621,69,'D_Dav','Merino','W',1,41,0.00,'D_Dav',125,84.00,_binary '\0'),('S1621',226,1621,88,'F_Mik','Merino','W',1,21,0.00,'F_Mik',76,107.00,_binary '\0'),('S1621',227,1621,87,'P_Bar','Suffolk X','W',2,53,0.00,'P_Jan',85,100.00,_binary '\0'),('S1621',228,1621,43,'F_Shr','Romney','R',2,64,0.00,'F_Mik',125,102.00,_binary '\0'),('S1621',229,1621,38,'P_Jan','Merino','W',2,21,0.00,'P_Jan',77,112.00,_binary '\0'),('S1621',230,1621,60,'D_Dav','Merino','W',2,40,0.00,'D_Dav',63,111.00,_binary '\0'),('S1621',231,1621,40,'F_Dav','Merino','W',2,65,0.00,'F_Don',129,106.00,_binary '\0'),('S1621',232,1621,85,'F_Leo','Romney','R',3,60,0.00,'F_Mik',71,83.00,_binary '\0'),('S1621',233,1621,57,'P_Jan','Merino','W',2,52,0.00,'P_Jan',103,87.00,_binary '\0'),('S1621',234,1621,74,'F_Don','Merino','R',1,1,0.00,'F_Don',74,104.00,_binary '\0'),('S1621',235,1621,86,'F_Shr','Merino','W',1,83,0.00,'F_Ral',69,91.00,_binary '\0'),('S1621',236,1621,62,'P_Lis','Merino','E',2,103,0.00,'P_Jan',133,89.00,_binary '\0'),('S1621',237,1621,87,'P_Bar','Merino','W',2,48,0.00,'P_Jan',73,109.00,_binary '\0'),('S1621',238,1621,39,'F_Ral','Suffolk X','E',2,74,0.00,'F_Ral',88,93.00,_binary '\0'),('S1621',239,1621,74,'F_Don','Romney','W',2,91,0.00,'F_Don',62,104.00,_binary '\0'),('S1621',240,1621,70,'P_Bar','Romney','R',3,47,0.00,'P_Jan',65,98.00,_binary '\0'),('S1621',241,1621,37,'F_Mic','Merino','R',2,70,0.00,'F_Don',80,101.00,_binary '\0'),('S1621',242,1621,57,'P_Jan','Romney','R',1,35,0.00,'P_Jan',87,105.00,_binary '\0'),('S1621',243,1621,42,'F_Don','Romney','R',2,2,0.00,'F_Don',67,114.00,_binary '\0'),('S1621',244,1621,42,'F_Don','Merino','E',2,114,0.00,'F_Don',76,107.00,_binary '\0'),('S1621',245,1621,65,'P_Bar','Merino','R',1,20,0.00,'F_Ral',79,87.00,_binary '\0'),('S1621',246,1621,41,'P_Jan','Merino','W',2,15,0.00,'P_Jan',129,93.00,_binary '\0'),('S1621',247,1621,103,'F_Leo','Merino','E',3,41,90.00,'F_Mik',88,104.00,_binary '\0'),('S1621',248,1621,76,'D_Big','Merino','R',1,29,0.00,'D_Big',67,83.00,_binary '\0'),('S1621',249,1621,38,'P_Jan','Romney','R',2,63,0.00,'P_Jan',135,113.00,_binary '\0'),('S1621',250,1621,39,'F_Ral','Merino','W',3,120,0.00,'F_Ral',104,95.00,_binary '\0'),('S1621',251,1621,77,'F_Don','Merino','W',2,62,0.00,'F_Don',87,86.00,_binary '\0'),('S1621',252,1621,87,'P_Bar','Merino','E',1,78,0.00,'P_Jan',66,96.00,_binary '\0'),('S1621',253,1621,104,'F_Dav','Romney','R',2,67,0.00,'F_Mik',78,108.00,_binary '\0'),('S1621',254,1621,88,'F_Mik','Merino','R',3,70,0.00,'F_Mik',79,112.00,_binary '\0'),('S1621',255,1621,34,'F_Mic','Romney','E',2,87,0.00,'F_Don',84,107.00,_binary '\0'),('S1621',256,1621,41,'P_Jan','Romney','W',2,26,0.00,'P_Jan',88,118.00,_binary '\0'),('S1621',257,1621,76,'D_Big','Romney','E',1,32,0.00,'D_Big',75,108.00,_binary '\0'),('S1621',258,1621,60,'D_Dav','Romney','E',1,103,0.00,'D_Dav',78,101.00,_binary '\0'),('S1621',259,1621,104,'F_Dav','Merino','E',2,31,0.00,'F_Mik',77,96.00,_binary '\0'),('S1621',260,1621,69,'D_Dav','Romney','W',1,51,0.00,'D_Dav',77,87.00,_binary '\0'),('S1621',261,1621,88,'F_Mik','Merino','W',2,46,0.00,'F_Mik',70,110.00,_binary '\0'),('S1621',262,1621,70,'P_Bar','Romney','E',1,72,0.00,'P_Jan',131,113.00,_binary '\0'),('S1621',263,1621,58,'P_Jan','Merino','R',3,30,0.00,'P_Jan',69,116.00,_binary '\0'),('S1621',264,1621,40,'F_Dav','Romney','W',2,43,0.00,'F_Don',80,100.00,_binary '\0'),('S1621',265,1621,43,'F_Shr','Romney','W',2,47,0.00,'F_Ral',65,93.00,_binary '\0'),('S1621',266,1621,41,'P_Jan','Merino','W',2,6,0.00,'P_Jan',103,107.00,_binary '\0'),('S1621',267,1621,70,'P_Bar','Merino','R',1,17,0.00,'P_Jan',133,114.00,_binary '\0'),('S1621',268,1621,42,'F_Don','Romney','W',1,51,0.00,'F_Don',63,102.00,_binary '\0'),('S1621',269,1621,87,'P_Bar','Merino','E',1,73,0.00,'P_Jan',88,95.00,_binary '\0'),('S1621',270,1621,42,'F_Don','Merino','W',3,27,0.00,'F_Don',125,84.00,_binary '\0'),('S1621',271,1621,61,'F_Mic','Suffolk X','E',1,4,0.00,'F_Mik',76,82.00,_binary '\0'),('S1621',272,1621,58,'P_Jan','Romney','R',2,55,0.00,'P_Jan',74,99.00,_binary '\0'),('S1621',273,1621,88,'F_Mik','Merino','E',3,44,0.00,'F_Mik',75,83.00,_binary '\0'),('S1621',274,1621,42,'F_Don','Romney','E',1,40,0.00,'F_Don',123,114.00,_binary '\0'),('S1621',275,1621,87,'P_Bar','Romney','R',1,84,0.00,'P_Jan',67,85.00,_binary '\0'),('S1621',276,1621,84,'F_Shr','Merino','R',3,11,0.00,'F_Ral',85,117.00,_binary '\0'),('S1621',277,1621,85,'F_Leo','Merino','W',1,40,0.00,'F_Mik',71,92.00,_binary '\0'),('S1621',278,1621,32,'P_Lis','Romney','W',3,82,0.00,'P_Jan',63,88.00,_binary '\0'),('S1621',279,1621,57,'P_Jan','Merino','E',2,9,0.00,'P_Jan',87,81.00,_binary '\0'),('S1621',280,1621,60,'D_Dav','Merino','R',2,52,0.00,'D_Dav',69,108.00,_binary '\0'),('S1621',281,1621,84,'F_Shr','Merino','W',3,27,0.00,'F_Ral',64,84.00,_binary '\0'),('S1621',282,1621,87,'P_Bar','Romney','R',1,82,0.00,'P_Jan',64,92.00,_binary '\0'),('S1621',283,1621,78,'D_Dav','Romney','W',1,20,0.00,'D_Dav',125,117.00,_binary '\0'),('S1621',284,1621,76,'D_Big','Merino','R',2,3,0.00,'D_Big',63,86.00,_binary '\0'),('S1621',285,1621,78,'D_Dav','Romney','W',2,93,0.00,'D_Dav',103,116.00,_binary '\0'),('S1621',286,1621,58,'P_Jan','Suffolk X','R',3,52,0.00,'P_Jan',131,117.00,_binary '\0'),('S1621',287,1621,88,'F_Mik','Merino','R',3,44,70.00,'F_Mik',85,120.00,_binary '\0'),('S1621',288,1621,85,'F_Leo','Merino','W',2,114,0.00,'F_Mik',78,94.00,_binary '\0'),('S1621',289,1621,38,'P_Jan','Suffolk X','R',1,83,0.00,'P_Jan',74,110.00,_binary '\0'),('S1621',290,1621,88,'F_Mik','Suffolk X','W',2,40,0.00,'F_Mik',65,102.00,_binary '\0'),('S1621',291,1621,74,'F_Don','Merino','E',2,91,0.00,'F_Don',84,114.00,_binary '\0'),('S1621',292,1621,84,'F_Shr','Merino','W',1,64,0.00,'F_Ral',71,102.00,_binary '\0'),('S1621',293,1621,43,'F_Shr','Romney','W',1,96,72.00,'F_Mik',87,81.00,_binary '\0'),('S1621',294,1621,78,'D_Dav','Merino','R',3,21,75.00,'D_Dav',70,97.00,_binary '\0'),('S1621',295,1621,41,'P_Jan','Merino','W',3,53,0.00,'P_Jan',85,85.00,_binary '\0'),('S1621',296,1621,39,'F_Ral','Merino','W',3,8,0.00,'F_Ral',79,87.00,_binary '\0'),('S1621',297,1621,85,'F_Leo','Merino','W',3,94,0.00,'F_Mik',71,98.00,_binary '\0'),('S1621',298,1621,49,'F_Mik','Merino','R',2,47,0.00,'F_Mik',127,114.00,_binary '\0'),('S1621',299,1621,38,'P_Jan','Romney','E',1,89,0.00,'P_Jan',69,120.00,_binary '\0'),('S1621',300,1621,40,'F_Dav','Merino','W',1,94,0.00,'F_Don',64,89.00,_binary '\0'),('S1621',301,1621,38,'P_Jan','Merino','W',2,53,0.00,'P_Jan',75,85.00,_binary '\0'),('S1621',302,1621,40,'F_Dav','Merino','E',2,24,0.00,'F_Don',135,94.00,_binary '\0'),('S1621',303,1621,49,'F_Mik','Merino','R',1,50,0.00,'F_Mik',88,84.00,_binary '\0'),('S1621',304,1621,61,'F_Mic','Romney','R',3,97,0.00,'F_Mik',73,102.00,_binary '\0'),('S1621',305,1621,86,'F_Shr','Merino','R',1,70,0.00,'F_Ral',127,84.00,_binary '\0'),('S1621',306,1621,40,'F_Dav','Merino','W',1,58,0.00,'F_Don',127,102.00,_binary '\0'),('S1621',307,1621,69,'D_Dav','Romney','R',1,116,0.00,'D_Dav',65,99.00,_binary '\0'),('S1621',308,1621,74,'F_Don','Merino','W',3,92,0.00,'F_Don',65,92.00,_binary '\0'),('S1621',309,1621,39,'F_Ral','Romney','R',2,33,0.00,'F_Ral',88,104.00,_binary '\0'),('S1621',310,1621,77,'F_Don','Romney','E',1,64,0.00,'F_Don',73,93.00,_binary '\0'),('S1621',311,1621,37,'F_Mic','Suffolk X','W',3,122,0.00,'F_Don',125,106.00,_binary '\0'),('S1621',312,1621,86,'F_Shr','Merino','W',3,46,0.00,'F_Ral',63,95.00,_binary '\0'),('S1621',313,1621,40,'F_Dav','Merino','W',1,60,0.00,'F_Don',79,95.00,_binary '\0'),('S1621',314,1621,61,'F_Mic','Romney','W',1,33,0.00,'F_Mik',70,103.00,_binary '\0'),('S1621',315,1621,43,'F_Shr','Romney','W',1,54,0.00,'F_Ral',78,95.00,_binary '\0'),('S1621',316,1621,39,'F_Ral','Suffolk X','R',1,65,0.00,'F_Ral',77,113.00,_binary '\0'),('S1621',317,1621,62,'P_Lis','Romney','R',2,93,0.00,'P_Jan',77,91.00,_binary '\0'),('S1621',318,1621,43,'F_Shr','Merino','W',2,13,0.00,'F_Ral',133,110.00,_binary '\0'),('S1621',319,1621,39,'F_Ral','Suffolk X','R',1,66,0.00,'F_Ral',63,88.00,_binary '\0'),('S1621',320,1621,69,'D_Dav','Merino','W',2,53,0.00,'D_Dav',85,106.00,_binary '\0'),('S1621',321,1621,41,'P_Jan','Merino','W',3,80,0.00,'P_Jan',85,103.00,_binary '\0'),('S1621',322,1621,86,'F_Shr','Merino','W',3,27,0.00,'F_Ral',64,111.00,_binary '\0'),('S1621',323,1621,87,'P_Bar','Merino','R',3,15,0.00,'P_Jan',66,86.00,_binary '\0'),('S1621',324,1621,38,'P_Jan','Suffolk X','W',1,7,0.00,'P_Jan',87,108.00,_binary '\0'),('S1621',325,1621,38,'P_Jan','Romney','W',2,70,0.00,'P_Jan',74,94.00,_binary '\0'),('S1621',326,1621,57,'P_Jan','Merino','E',1,90,0.00,'P_Jan',131,81.00,_binary '\0'),('S1621',327,1621,39,'F_Ral','Suffolk X','W',1,91,0.00,'F_Ral',77,81.00,_binary '\0'),('S1621',328,1621,60,'D_Dav','Suffolk X','R',1,19,0.00,'D_Dav',79,105.00,_binary '\0'),('S1621',329,1621,69,'D_Dav','Merino','E',1,83,0.00,'D_Dav',73,113.00,_binary '\0'),('S1621',330,1621,41,'P_Jan','Merino','E',2,43,0.00,'P_Jan',79,102.00,_binary '\0'),('S1621',331,1621,43,'F_Shr','Merino','R',1,74,0.00,'F_Mik',79,110.00,_binary '\0'),('S1621',332,1621,39,'F_Ral','Romney','W',3,94,0.00,'F_Ral',71,87.00,_binary '\0'),('S1621',333,1621,103,'F_Leo','Merino','R',1,38,0.00,'F_Don',71,115.00,_binary '\0'),('S1621',334,1621,84,'F_Shr','Merino','E',3,74,0.00,'F_Ral',84,89.00,_binary '\0'),('S1621',335,1621,37,'F_Mic','Suffolk X','W',1,4,0.00,'F_Mik',79,91.00,_binary '\0'),('S1621',336,1621,43,'F_Shr','Romney','W',2,73,95.00,'F_Mik',62,113.00,_binary '\0'),('S1621',337,1621,58,'P_Jan','Romney','E',1,75,0.00,'P_Jan',66,111.00,_binary '\0'),('S1621',338,1621,43,'F_Shr','Romney','W',1,37,0.00,'F_Mik',63,87.00,_binary '\0'),('S1621',339,1621,59,'D_Dav','Romney','E',3,26,110.00,'D_Dav',0,0.00,_binary ''),('S1621',340,1621,85,'F_Leo','Merino','W',2,20,0.00,'F_Mik',77,120.00,_binary '\0'),('S1621',341,1621,40,'F_Dav','Merino','E',2,68,0.00,'F_Don',125,90.00,_binary '\0'),('S1621',342,1621,78,'D_Dav','Romney','R',3,25,75.00,'D_Dav',129,82.00,_binary '\0'),('S1621',343,1621,85,'F_Leo','Romney','W',2,100,0.00,'F_Mik',75,86.00,_binary '\0'),('S1621',344,1621,58,'P_Jan','Romney','R',3,35,0.00,'P_Jan',71,117.00,_binary '\0'),('S1621',345,1621,76,'D_Big','Merino','W',2,40,0.00,'D_Big',125,95.00,_binary '\0'),('S1621',346,1621,60,'D_Dav','Merino','W',3,21,0.00,'D_Dav',74,107.00,_binary '\0'),('S1621',347,1621,41,'P_Jan','Suffolk X','W',2,27,0.00,'P_Jan',123,107.00,_binary '\0'),('S1621',348,1621,39,'F_Ral','Merino','R',2,10,0.00,'F_Ral',84,95.00,_binary '\0'),('S1621',349,1621,32,'P_Lis','Romney','R',3,15,0.00,'P_Jan',77,100.00,_binary '\0'),('S1621',350,1621,78,'D_Dav','Merino','W',3,51,0.00,'D_Dav',75,119.00,_binary '\0'),('S1621',351,1621,57,'P_Jan','Romney','W',1,57,0.00,'P_Jan',64,99.00,_binary '\0'),('S1621',352,1621,69,'D_Dav','Romney','E',2,9,0.00,'D_Dav',75,108.00,_binary '\0'),('S1621',353,1621,41,'P_Jan','Merino','R',2,49,0.00,'P_Jan',85,102.00,_binary '\0'),('S1621',354,1621,37,'F_Mic','Merino','W',3,80,0.00,'F_Don',87,112.00,_binary '\0'),('S1621',355,1621,59,'D_Dav','Romney','W',3,85,0.00,'D_Dav',63,91.00,_binary '\0'),('S1621',356,1621,85,'F_Leo','Romney','R',3,76,0.00,'F_Mik',74,106.00,_binary '\0'),('S1621',357,1621,88,'F_Mik','Romney','W',1,60,0.00,'F_Mik',64,81.00,_binary '\0'),('S1621',358,1621,76,'D_Big','Merino','W',2,32,0.00,'D_Big',129,112.00,_binary '\0'),('S1621',359,1621,57,'P_Jan','Suffolk X','R',1,11,0.00,'P_Jan',74,120.00,_binary '\0'),('S1621',360,1621,49,'F_Mik','Romney','R',2,87,0.00,'F_Mik',63,113.00,_binary '\0'),('S1621',361,1621,84,'F_Shr','Suffolk X','R',1,60,0.00,'F_Ral',74,106.00,_binary '\0'),('S1621',362,1621,39,'F_Ral','Merino','W',3,64,0.00,'F_Ral',62,95.00,_binary '\0'),('S1621',363,1621,103,'F_Leo','Romney','E',4,40,84.00,'F_Don',64,90.00,_binary '\0'),('S1621',364,1621,103,'F_Leo','Romney','E',1,17,0.00,'F_Don',NULL,NULL,NULL);
/*!40000 ALTER TABLE `sheeplot` ENABLE KEYS */;
UNLOCK TABLES;

--
-- Table structure for table `stockagency`
--

DROP TABLE IF EXISTS `stockagency`;
/*!40101 SET @saved_cs_client     = @@character_set_client */;
/*!50503 SET character_set_client = utf8mb4 */;
CREATE TABLE `stockagency` (
  `id` char(5) CHARACTER SET utf8 COLLATE utf8_general_ci NOT NULL,
  `fullName` char(50) CHARACTER SET utf8 COLLATE utf8_general_ci NOT NULL,
  `address1` char(30) CHARACTER SET utf8 COLLATE utf8_general_ci DEFAULT NULL,
  `address2` char(30) CHARACTER SET utf8 COLLATE utf8_general_ci DEFAULT NULL,
  `address3` char(30) CHARACTER SET utf8 COLLATE utf8_general_ci DEFAULT NULL,
  `province` char(30) CHARACTER SET utf8 COLLATE utf8_general_ci DEFAULT NULL,
  `contactPerson` char(50) CHARACTER SET utf8 COLLATE utf8_general_ci DEFAULT NULL,
  `phone` char(15) CHARACTER SET utf8 COLLATE utf8_general_ci DEFAULT NULL,
  `phone2` char(15) CHARACTER SET utf8 COLLATE utf8_general_ci DEFAULT NULL,
  `email` char(50) CHARACTER SET utf8 COLLATE utf8_general_ci DEFAULT NULL,
  PRIMARY KEY (`id`)
) ENGINE=InnoDB DEFAULT CHARSET=utf8mb4 COLLATE=utf8mb4_0900_ai_ci;
/*!40101 SET character_set_client = @saved_cs_client */;

--
-- Dumping data for table `stockagency`
--

LOCK TABLES `stockagency` WRITE;
/*!40000 ALTER TABLE `stockagency` DISABLE KEYS */;
INSERT INTO `stockagency` VALUES ('DALGE','Dalgeties','32 School Rd',NULL,'Waimate',NULL,'Bob Builder','(03) 555-1965','(021) 276-4532','bob@dalgeties.co.nz'),('FARME','Farmers Stock Traders','53 Queen Street',NULL,'Temuka',NULL,'Arnold Nicklaus','(03) 555-9326','(021) 0123-3743','arnoldnicklaus@farmersstock.co.nz'),('PGG','Pyne Gould Guiness Agency','52 Sefton Street',NULL,'Windwhistle',NULL,'Jane Jetson','(021) 555-12341',NULL,'jane.jetson@pgga.co.nz');
/*!40000 ALTER TABLE `stockagency` ENABLE KEYS */;
UNLOCK TABLES;

--
-- Table structure for table `stockagent`
--

DROP TABLE IF EXISTS `stockagent`;
/*!40101 SET @saved_cs_client     = @@character_set_client */;
/*!50503 SET character_set_client = utf8mb4 */;
CREATE TABLE `stockagent` (
  `id` char(10) CHARACTER SET utf8 COLLATE utf8_general_ci NOT NULL,
  `fullName` char(50) CHARACTER SET utf8 COLLATE utf8_general_ci NOT NULL,
  `shortName` char(10) CHARACTER SET utf8 COLLATE utf8_general_ci DEFAULT NULL,
  `stockAgency` char(5) CHARACTER SET utf8 COLLATE utf8_general_ci NOT NULL,
  `phone` char(15) CHARACTER SET utf8 COLLATE utf8_general_ci DEFAULT NULL,
  `phone2` char(15) CHARACTER SET utf8 COLLATE utf8_general_ci DEFAULT NULL,
  `email` char(50) CHARACTER SET utf8 COLLATE utf8_general_ci DEFAULT NULL,
  `isAuctioneer` bit(1) DEFAULT NULL,
  PRIMARY KEY (`id`),
  KEY `FK_StockAgent_StockAgency` (`stockAgency`),
  CONSTRAINT `FK_StockAgent_StockAgency` FOREIGN KEY (`stockAgency`) REFERENCES `stockagency` (`id`)
) ENGINE=InnoDB DEFAULT CHARSET=utf8mb4 COLLATE=utf8mb4_0900_ai_ci;
/*!40101 SET character_set_client = @saved_cs_client */;

--
-- Dumping data for table `stockagent`
--

LOCK TABLES `stockagent` WRITE;
/*!40000 ALTER TABLE `stockagent` DISABLE KEYS */;
INSERT INTO `stockagent` VALUES ('D_Big','Alister Byng','Big Al','DALGE','(03) 800-5036','(021) 966-1198','alister@dalgeties.co.nz',_binary ''),('D_Dav','Dave Doppler','Dave','DALGE','(03) 535-8357','(021) 184-6760','dave@dalgeties.co.nz',_binary ''),('D_Sli','Slim Baker','Slim','DALGE','(03) 317-4071','(021) 730-9334','slim@dalgeties.co.nz',_binary ''),('F_Dav','David Sidebottom','Dave','FARME','(03) 690-2926','(027) 780-1311','davidsidebottom@farmersstock.co.nz',_binary '\0'),('F_Don','Donald Quagley','Don','FARME','(03) 138-9067','(027) 915-7349','donaldquagley@farmersstock.co.nz',_binary ''),('F_Leo','Leonardo Capris','Leo','FARME','(03) 898-3649','(027) 760-1756','leonardocapris@farmersstock.co.nz',_binary '\0'),('F_Mic','Michael Krueger','Mickey','FARME','(03) 326-1077','(027) 845-3084','michaelkrueger@farmersstock.co.nz',_binary '\0'),('F_Mik','Micheal Angel','Mike','FARME','(03) 801-4522','(027) 344-1892','michealangel@farmersstock.co.nz',_binary ''),('F_Ral','Ralph Wigwam','Ralph','FARME','(03) 378-2358','(027) 766-3079','ralphwigwam@farmersstock.co.nz',_binary ''),('F_Shr','Homer Palin','Shredder','FARME','(03) 544-5507','(027) 599-3458','homerpalin@farmersstock.co.nz',_binary '\0'),('P_Bar','Bart O\'Keefe','Bart','PGG','(03) 559-4490','(021) 476-3622','bart.okeefe@pgga.co.nz',_binary '\0'),('P_Jan','Jane Jetson','Jane','PGG','(03) 234-7410','(021) 365-5063','jane.jetson@pgga.co.nz',_binary ''),('P_Lis','Lisa Andrewson','Lisa','PGG','(03) 122-5103','(021) 637-8020','lisa.andrewson@pgga.co.nz',_binary '\0');
/*!40000 ALTER TABLE `stockagent` ENABLE KEYS */;
UNLOCK TABLES;

--
-- Temporary view structure for view `vattendance`
--

DROP TABLE IF EXISTS `vattendance`;
/*!50001 DROP VIEW IF EXISTS `vattendance`*/;
SET @saved_cs_client     = @@character_set_client;
/*!50503 SET character_set_client = utf8mb4 */;
/*!50001 CREATE VIEW `vattendance` AS SELECT 
 1 AS `buyday`,
 1 AS `sellday`,
 1 AS `BuyerClientNumber`,
 1 AS `SellerClientNumber`,
 1 AS `Attendance`*/;
SET character_set_client = @saved_cs_client;

--
-- Temporary view structure for view `vcattlelot`
--

DROP TABLE IF EXISTS `vcattlelot`;
/*!50001 DROP VIEW IF EXISTS `vcattlelot`*/;
SET @saved_cs_client     = @@character_set_client;
/*!50503 SET character_set_client = utf8mb4 */;
/*!50001 CREATE VIEW `vcattlelot` AS SELECT 
 1 AS `auctionID`,
 1 AS `lotNumber`,
 1 AS `Buyer`,
 1 AS `Seller`,
 1 AS `AgentName`,
 1 AS `AuctioneerName`,
 1 AS `breed`,
 1 AS `quantity`,
 1 AS `lotSellingPrice`,
 1 AS `passedIn`*/;
SET character_set_client = @saved_cs_client;

--
-- Temporary view structure for view `vsheeplot`
--

DROP TABLE IF EXISTS `vsheeplot`;
/*!50001 DROP VIEW IF EXISTS `vsheeplot`*/;
SET @saved_cs_client     = @@character_set_client;
/*!50503 SET character_set_client = utf8mb4 */;
/*!50001 CREATE VIEW `vsheeplot` AS SELECT 
 1 AS `auctionID`,
 1 AS `lotNumber`,
 1 AS `Buyer`,
 1 AS `Seller`,
 1 AS `AgentName`,
 1 AS `AuctioneerName`,
 1 AS `breed`,
 1 AS `quantity`,
 1 AS `lotSellingPrice`,
 1 AS `passedIn`*/;
SET character_set_client = @saved_cs_client;

--
-- Temporary view structure for view `vtotal`
--

DROP TABLE IF EXISTS `vtotal`;
/*!50001 DROP VIEW IF EXISTS `vtotal`*/;
SET @saved_cs_client     = @@character_set_client;
/*!50503 SET character_set_client = utf8mb4 */;
/*!50001 CREATE VIEW `vtotal` AS SELECT 
 1 AS `buy`,
 1 AS `BuyerID`,
 1 AS `Purchases`,
 1 AS `sell`,
 1 AS `SellerID`,
 1 AS `Sold`,
 1 AS `BuyerAuctionID`,
 1 AS `SellerAuctionID`*/;
SET character_set_client = @saved_cs_client;

--
-- Dumping routines for database 'stockauction'
--
/*!50003 DROP PROCEDURE IF EXISTS `Auctions` */;
/*!50003 SET @saved_cs_client      = @@character_set_client */ ;
/*!50003 SET @saved_cs_results     = @@character_set_results */ ;
/*!50003 SET @saved_col_connection = @@collation_connection */ ;
/*!50003 SET character_set_client  = utf8mb4 */ ;
/*!50003 SET character_set_results = utf8mb4 */ ;
/*!50003 SET collation_connection  = utf8mb4_0900_ai_ci */ ;
/*!50003 SET @saved_sql_mode       = @@sql_mode */ ;
/*!50003 SET sql_mode              = '' */ ;
DELIMITER ;;
CREATE DEFINER=`root`@`localhost` PROCEDURE `Auctions`(in codingNum char(5), in auctionDay date, OUT entrypnt CHAR(5), OUT ID SMALLINT, OUT AUCTDAY DATE, OUT RESULT VARCHAR(10))
BEGIN
select l2.Code, l2.auctionId, l2.startTime, l2.auctionDay, 
CASE WHEN substring(l2.Code,1,1) = 'S' THEN 'Sheep' 
	 WHEN substring(l2.Code,1,1) = 'C' THEN 'Cattle'
	 END AS WhatAuctions_isthere
from
(select l1.id as Code, l1.auctionId, l1.startTime, ad.id, ad.auctionDay from
(select ca.id, ca.auctionId, ca.startTime from cattleauction ca
union all
select sa.id, sa.auctionId, sa.startTime from sheepauction sa) l1, auctionday ad where ad.id = l1.auctionId) l2
where l2.auctionId = codingNum and l2.auctionDay = auctionDay;
END ;;
DELIMITER ;
/*!50003 SET sql_mode              = @saved_sql_mode */ ;
/*!50003 SET character_set_client  = @saved_cs_client */ ;
/*!50003 SET character_set_results = @saved_cs_results */ ;
/*!50003 SET collation_connection  = @saved_col_connection */ ;
/*!50003 DROP PROCEDURE IF EXISTS `BUYERVALUE` */;
/*!50003 SET @saved_cs_client      = @@character_set_client */ ;
/*!50003 SET @saved_cs_results     = @@character_set_results */ ;
/*!50003 SET @saved_col_connection = @@collation_connection */ ;
/*!50003 SET character_set_client  = utf8mb4 */ ;
/*!50003 SET character_set_results = utf8mb4 */ ;
/*!50003 SET collation_connection  = utf8mb4_0900_ai_ci */ ;
/*!50003 SET @saved_sql_mode       = @@sql_mode */ ;
/*!50003 SET sql_mode              = '' */ ;
DELIMITER ;;
CREATE DEFINER=`root`@`localhost` PROCEDURE `BUYERVALUE`(IN CLIENTNUM SMALLINT, OUT PURCHASES INT)
BEGIN
SELECT sum(l2.lotSellingPrice) AS BuyersValue FROM
(select acaa.auctionId, acaa.clientNumber, l1.lotNumber, l1.lotSellingPrice, acaa.clientID from
(select cl.auctionDay, cl.buyer, cl.lotNumber, cl.lotSellingPrice from cattlelot cl
union distinct
select sl.auctionDay, sl.buyer, sl.lotNumber, sl.lotSellingPrice from sheeplot sl) 
l1, auctionclientatauction acaa where (acaa.auctionId = l1.auctionDay and acaa.clientNumber = l1.buyer)) l2
where l2.clientNumber = CLIENTNUM and l2.lotSellingPrice is not null;
END ;;
DELIMITER ;
/*!50003 SET sql_mode              = @saved_sql_mode */ ;
/*!50003 SET character_set_client  = @saved_cs_client */ ;
/*!50003 SET character_set_results = @saved_cs_results */ ;
/*!50003 SET collation_connection  = @saved_col_connection */ ;
/*!50003 DROP PROCEDURE IF EXISTS `DIFFERENTIALBACKUP` */;
/*!50003 SET @saved_cs_client      = @@character_set_client */ ;
/*!50003 SET @saved_cs_results     = @@character_set_results */ ;
/*!50003 SET @saved_col_connection = @@collation_connection */ ;
/*!50003 SET character_set_client  = utf8mb4 */ ;
/*!50003 SET character_set_results = utf8mb4 */ ;
/*!50003 SET collation_connection  = utf8mb4_0900_ai_ci */ ;
/*!50003 SET @saved_sql_mode       = @@sql_mode */ ;
/*!50003 SET sql_mode              = '' */ ;
DELIMITER ;;
CREATE DEFINER=`root`@`localhost` PROCEDURE `DIFFERENTIALBACKUP`()
BEGIN
set @auctionclient = CONCAT("select * from auctionclient into outfile 'C:/Account/auctionclient", DATE_FORMAT(NOW(), '%d%m%Y'), ".csv'", 
" FIELDS ENCLOSED BY '' TERMINATED BY ',' ", ' ESCAPED BY ''"'' LINES TERMINATED BY ''\\r\\n'''"");
set @auctionclientatauction = CONCAT("select * from auctionclientatauction into outfile 'C:/Account/auctionclientatauction", DATE_FORMAT(NOW(), '%d%m%Y'), ".csv'", 
" FIELDS ENCLOSED BY '' TERMINATED BY ',' ", ' ESCAPED BY ''"'' LINES TERMINATED BY ''\\r\\n'''"");
set @auctionday = CONCAT("select * from auctionday into outfile 'C:/Account/auctionday", DATE_FORMAT(NOW(), '%d%m%Y'), ".csv'", 
" FIELDS ENCLOSED BY '' TERMINATED BY ',' ", ' ESCAPED BY ''"'' LINES TERMINATED BY ''\\r\\n'''"");
set @cattleauction = CONCAT("select * from cattleauction into outfile 'C:/Account/cattleauction", DATE_FORMAT(NOW(), '%d%m%Y'), ".csv'", 
" FIELDS ENCLOSED BY '' TERMINATED BY ',' ", ' ESCAPED BY ''"'' LINES TERMINATED BY ''\\r\\n'''"");
set @cattlelot = CONCAT("select * from cattlelot into outfile 'C:/Account/cattlelot", DATE_FORMAT(NOW(), '%d%m%Y'), ".csv'", 
" FIELDS ENCLOSED BY '' TERMINATED BY ',' ", ' ESCAPED BY ''"'' LINES TERMINATED BY ''\\r\\n'''"");
set @clientattendance = CONCAT("select * from clientattendance into outfile 'C:/Account/clientattendance", DATE_FORMAT(NOW(), '%d%m%Y'), ".csv'", 
" FIELDS ENCLOSED BY '' TERMINATED BY ',' ", ' ESCAPED BY ''"'' LINES TERMINATED BY ''\\r\\n'''"");
set @sheepauction = CONCAT("select * from sheepauction into outfile 'C:/Account/sheepauction", DATE_FORMAT(NOW(), '%d%m%Y'), ".csv'", 
" FIELDS ENCLOSED BY '' TERMINATED BY ',' ", ' ESCAPED BY ''"'' LINES TERMINATED BY ''\\r\\n'''"");
set @sheeplot = CONCAT("select * from sheeplot into outfile 'C:/Account/sheeplot", DATE_FORMAT(NOW(), '%d%m%Y'), ".csv'", 
" FIELDS ENCLOSED BY '' TERMINATED BY ',' ", ' ESCAPED BY ''"'' LINES TERMINATED BY ''\\r\\n'''"");
set @stockagency = CONCAT("select * from stockagency into outfile 'C:/Account/stockagency", DATE_FORMAT(NOW(), '%d%m%Y'), ".csv'", 
" FIELDS ENCLOSED BY '' TERMINATED BY ',' ", ' ESCAPED BY ''"'' LINES TERMINATED BY ''\\r\\n'''"");
set @stockagent = CONCAT("select * from stockagent into outfile 'C:/Account/stockagent", DATE_FORMAT(NOW(), '%d%m%Y'), ".csv'", 
" FIELDS ENCLOSED BY '' TERMINATED BY ',' ", ' ESCAPED BY ''"'' LINES TERMINATED BY ''\\r\\n'''"");
prepare l1 from @auctionclient;
prepare l2 from @auctionclientatauction;
prepare l3 from @auctionday;
prepare l4 from @cattleauction;
prepare l5 from @cattlelot;
prepare l6 from @clientattendance;
prepare l7 from @sheepauction;
prepare l8 from @sheeplot;
prepare l9 from @stockagency;
prepare l10 from @stockagent;
EXECUTE l1;
EXECUTE l2;
EXECUTE l3; 
EXECUTE l4;
EXECUTE l5;
EXECUTE l6; 
EXECUTE l7; 
EXECUTE l8; 
EXECUTE l9; 
EXECUTE l10;
DROP PREPARE l1;
DROP PREPARE l2; 
DROP PREPARE l3; 
DROP PREPARE l4;
DROP PREPARE l5;
DROP PREPARE l6; 
DROP PREPARE l7; 
DROP PREPARE l8; 
DROP PREPARE l9; 
DROP PREPARE l10;
END ;;
DELIMITER ;
/*!50003 SET sql_mode              = @saved_sql_mode */ ;
/*!50003 SET character_set_client  = @saved_cs_client */ ;
/*!50003 SET character_set_results = @saved_cs_results */ ;
/*!50003 SET collation_connection  = @saved_col_connection */ ;
/*!50003 DROP PROCEDURE IF EXISTS `InsertNewClients` */;
/*!50003 SET @saved_cs_client      = @@character_set_client */ ;
/*!50003 SET @saved_cs_results     = @@character_set_results */ ;
/*!50003 SET @saved_col_connection = @@collation_connection */ ;
/*!50003 SET character_set_client  = utf8mb4 */ ;
/*!50003 SET character_set_results = utf8mb4 */ ;
/*!50003 SET collation_connection  = utf8mb4_0900_ai_ci */ ;
/*!50003 SET @saved_sql_mode       = @@sql_mode */ ;
/*!50003 SET sql_mode              = '' */ ;
DELIMITER ;;
CREATE DEFINER=`root`@`localhost` PROCEDURE `InsertNewClients`(IN aID smallint, in aDay date)
BEGIN
insert into auctionday(id, auctionday) values(aID, aDay);
insert into auctionclientatauction(auctionId, clientNumber, clientID)
select * from Clients;
END ;;
DELIMITER ;
/*!50003 SET sql_mode              = @saved_sql_mode */ ;
/*!50003 SET character_set_client  = @saved_cs_client */ ;
/*!50003 SET character_set_results = @saved_cs_results */ ;
/*!50003 SET collation_connection  = @saved_col_connection */ ;
/*!50003 DROP PROCEDURE IF EXISTS `SALESPROC` */;
/*!50003 SET @saved_cs_client      = @@character_set_client */ ;
/*!50003 SET @saved_cs_results     = @@character_set_results */ ;
/*!50003 SET @saved_col_connection = @@collation_connection */ ;
/*!50003 SET character_set_client  = utf8mb4 */ ;
/*!50003 SET character_set_results = utf8mb4 */ ;
/*!50003 SET collation_connection  = utf8mb4_0900_ai_ci */ ;
/*!50003 SET @saved_sql_mode       = @@sql_mode */ ;
/*!50003 SET sql_mode              = '' */ ;
DELIMITER ;;
CREATE DEFINER=`root`@`localhost` PROCEDURE `SALESPROC`(in ID char(5), in auctionID smallint, in startTime time)
BEGIN
INSERT INTO cattleauction(id, auctionId, startTime) Values(ID, auctionID, startTime);
INSERT INTO cattlelot(auctionId, lotNumber, auctionDay, seller, agent, 
						breed, sex, age, quantity, averageweight, reserve, 
							auctioneer, buyer, sellingPricePerKg, passedIn)
select * from cattle;
END ;;
DELIMITER ;
/*!50003 SET sql_mode              = @saved_sql_mode */ ;
/*!50003 SET character_set_client  = @saved_cs_client */ ;
/*!50003 SET character_set_results = @saved_cs_results */ ;
/*!50003 SET collation_connection  = @saved_col_connection */ ;
/*!50003 DROP PROCEDURE IF EXISTS `SELLERVALUE` */;
/*!50003 SET @saved_cs_client      = @@character_set_client */ ;
/*!50003 SET @saved_cs_results     = @@character_set_results */ ;
/*!50003 SET @saved_col_connection = @@collation_connection */ ;
/*!50003 SET character_set_client  = utf8mb4 */ ;
/*!50003 SET character_set_results = utf8mb4 */ ;
/*!50003 SET collation_connection  = utf8mb4_0900_ai_ci */ ;
/*!50003 SET @saved_sql_mode       = @@sql_mode */ ;
/*!50003 SET sql_mode              = '' */ ;
DELIMITER ;;
CREATE DEFINER=`root`@`localhost` PROCEDURE `SELLERVALUE`(IN CLIENTNUM SMALLINT, OUT TOTALVALUE INT)
BEGIN
SELECT sum(l2.lotSellingPrice) AS SoldValue FROM
(select acaa.auctionId, acaa.clientNumber, l1.lotNumber, l1.lotSellingPrice, acaa.clientID from
(select cl.auctionDay, cl.seller, cl.lotNumber, cl.lotSellingPrice from cattlelot cl
union distinct
select sl.auctionDay, sl.seller, sl.lotNumber, sl.lotSellingPrice from sheeplot sl) 
l1, auctionclientatauction acaa where (acaa.auctionId = l1.auctionDay and acaa.clientNumber = l1.seller)) l2
where l2.clientNumber = CLIENTNUM and l2.lotSellingPrice is not null;
END ;;
DELIMITER ;
/*!50003 SET sql_mode              = @saved_sql_mode */ ;
/*!50003 SET character_set_client  = @saved_cs_client */ ;
/*!50003 SET character_set_results = @saved_cs_results */ ;
/*!50003 SET collation_connection  = @saved_col_connection */ ;
/*!50003 DROP PROCEDURE IF EXISTS `SheepProcedure` */;
/*!50003 SET @saved_cs_client      = @@character_set_client */ ;
/*!50003 SET @saved_cs_results     = @@character_set_results */ ;
/*!50003 SET @saved_col_connection = @@collation_connection */ ;
/*!50003 SET character_set_client  = utf8mb4 */ ;
/*!50003 SET character_set_results = utf8mb4 */ ;
/*!50003 SET collation_connection  = utf8mb4_0900_ai_ci */ ;
/*!50003 SET @saved_sql_mode       = @@sql_mode */ ;
/*!50003 SET sql_mode              = '' */ ;
DELIMITER ;;
CREATE DEFINER=`root`@`localhost` PROCEDURE `SheepProcedure`(in ID char(5), in auctionID smallint, in startTime time)
BEGIN
INSERT INTO sheepauction(id, auctionId, startTime) Values(ID, auctionID, startTime);
INSERT INTO sheeplot(auctionId,lotNumber,auctionDay,seller,agent,breed,sex,age,quantity,reserve,auctioneer)
select * from sheep;
END ;;
DELIMITER ;
/*!50003 SET sql_mode              = @saved_sql_mode */ ;
/*!50003 SET character_set_client  = @saved_cs_client */ ;
/*!50003 SET character_set_results = @saved_cs_results */ ;
/*!50003 SET collation_connection  = @saved_col_connection */ ;
/*!50003 DROP PROCEDURE IF EXISTS `UpdateCattleInfo` */;
/*!50003 SET @saved_cs_client      = @@character_set_client */ ;
/*!50003 SET @saved_cs_results     = @@character_set_results */ ;
/*!50003 SET @saved_col_connection = @@collation_connection */ ;
/*!50003 SET character_set_client  = utf8mb4 */ ;
/*!50003 SET character_set_results = utf8mb4 */ ;
/*!50003 SET collation_connection  = utf8mb4_0900_ai_ci */ ;
/*!50003 SET @saved_sql_mode       = @@sql_mode */ ;
/*!50003 SET sql_mode              = '' */ ;
DELIMITER ;;
CREATE DEFINER=`root`@`localhost` PROCEDURE `UpdateCattleInfo`()
BEGIN
SET FOREIGN_KEY_CHECKS=0;
UPDATE cattlelot cl, CattleUpdate
SET cl.averageWeight = CattleUpdate.averageWeight, cl.sellingPricePerKg = CattleUpdate.sellingPricePerKg, 
cl.passedIn = CattleUpdate.passedIn, cl.buyer = CattleUpdate.buyer
where CattleUpdate.lotNumber = cl.lotNumber AND cl.auctionId = 'C1621';
SET FOREIGN_KEY_CHECKS=1;
END ;;
DELIMITER ;
/*!50003 SET sql_mode              = @saved_sql_mode */ ;
/*!50003 SET character_set_client  = @saved_cs_client */ ;
/*!50003 SET character_set_results = @saved_cs_results */ ;
/*!50003 SET collation_connection  = @saved_col_connection */ ;
/*!50003 DROP PROCEDURE IF EXISTS `UpdateSheepInfo` */;
/*!50003 SET @saved_cs_client      = @@character_set_client */ ;
/*!50003 SET @saved_cs_results     = @@character_set_results */ ;
/*!50003 SET @saved_col_connection = @@collation_connection */ ;
/*!50003 SET character_set_client  = utf8mb4 */ ;
/*!50003 SET character_set_results = utf8mb4 */ ;
/*!50003 SET collation_connection  = utf8mb4_0900_ai_ci */ ;
/*!50003 SET @saved_sql_mode       = @@sql_mode */ ;
/*!50003 SET sql_mode              = '' */ ;
DELIMITER ;;
CREATE DEFINER=`root`@`localhost` PROCEDURE `UpdateSheepInfo`()
BEGIN
SET FOREIGN_KEY_CHECKS=0;
UPDATE sheeplot sl, SheepUpdate su
SET sl.sellingPricePerHead = su.sellingPricePerHead, 
sl.passedIn = su.passedIn, sl.buyer = su.buyer
where su.lotNumber = sl.lotNumber AND sl.auctionId = 'S1621';
SET FOREIGN_KEY_CHECKS=1;
END ;;
DELIMITER ;
/*!50003 SET sql_mode              = @saved_sql_mode */ ;
/*!50003 SET character_set_client  = @saved_cs_client */ ;
/*!50003 SET character_set_results = @saved_cs_results */ ;
/*!50003 SET collation_connection  = @saved_col_connection */ ;

--
-- Final view structure for view `vattendance`
--

/*!50001 DROP VIEW IF EXISTS `vattendance`*/;
/*!50001 SET @saved_cs_client          = @@character_set_client */;
/*!50001 SET @saved_cs_results         = @@character_set_results */;
/*!50001 SET @saved_col_connection     = @@collation_connection */;
/*!50001 SET character_set_client      = utf8mb4 */;
/*!50001 SET character_set_results     = utf8mb4 */;
/*!50001 SET collation_connection      = utf8mb4_0900_ai_ci */;
/*!50001 CREATE ALGORITHM=UNDEFINED */
/*!50013 DEFINER=`root`@`localhost` SQL SECURITY DEFINER */
/*!50001 VIEW `vattendance` AS select `l5`.`buyday` AS `buyday`,`l5`.`sellday` AS `sellday`,`l5`.`BuyerClientNumber` AS `BuyerClientNumber`,`l5`.`SellerClientNumber` AS `SellerClientNumber`,`l5`.`Attendance` AS `Attendance` from (select `l4`.`Attendance` AS `Attendance`,`l4`.`BuyerClientNumber` AS `BuyerClientNumber`,`l4`.`SellerClientNumber` AS `SellerClientNumber`,year(`adb`.`auctionDay`) AS `buyday`,year(`ads`.`auctionDay`) AS `sellday` from (((select `l3`.`seller` AS `seller`,`l3`.`Buyer` AS `Buyer`,`l3`.`Attendance` AS `Attendance`,`l3`.`SellerAuctionDay` AS `SellerAuctionDay`,`l3`.`BuyerAuctionDay` AS `BuyerAuctionDay`,`acab`.`clientNumber` AS `BuyerClientNumber`,`acab`.`auctionId` AS `BuyerAuctionID`,`acas`.`clientNumber` AS `SellerClientNumber`,`acas`.`auctionId` AS `SellerAuctionID` from (((select `l2`.`seller` AS `seller`,if(((`l2`.`buyer` is null) or (`l2`.`buyer` = `l2`.`seller`)),0,`l2`.`buyer`) AS `Buyer`,sum(`l2`.`attendance`) AS `Attendance`,`l2`.`SellerAuctionDay` AS `SellerAuctionDay`,`l2`.`BuyerAuctionDay` AS `BuyerAuctionDay` from (select `l1`.`seller` AS `seller`,`l1`.`buyer` AS `buyer`,`l1`.`lotNumber` AS `lotNumber`,if((`l1`.`seller` <> `l1`.`buyer`),1,1) AS `attendance`,`l1`.`CSAuctionDay` AS `SellerAuctionDay`,`l1`.`CBAuctionDay` AS `BuyerAuctionDay` from (select `cls`.`auctionId` AS `auctionId`,`cls`.`lotNumber` AS `lotNumber`,`cls`.`seller` AS `seller`,`clb`.`buyer` AS `buyer`,`cls`.`auctionDay` AS `CSAuctionDay`,`clb`.`auctionDay` AS `CBAuctionDay` from (`cattlelot` `cls` join `cattlelot` `clb` on(((`clb`.`auctionId` = `cls`.`auctionId`) and (`clb`.`lotNumber` = `cls`.`lotNumber`))))) `l1` union all select `l1`.`seller` AS `seller`,`l1`.`buyer` AS `buyer`,`l1`.`lotNumber` AS `lotNumber`,if((`l1`.`seller` <> `l1`.`buyer`),1,1) AS `attendance`,`l1`.`SSAuctionDay` AS `SSAuctionDay`,`l1`.`SBAuctionDay` AS `SBAuctionDay` from (select `sls`.`auctionId` AS `auctionId`,`sls`.`lotNumber` AS `lotNumber`,`sls`.`seller` AS `seller`,`slb`.`buyer` AS `buyer`,`sls`.`auctionDay` AS `SSAuctionDay`,`slb`.`auctionDay` AS `SBAuctionDay` from (`sheeplot` `sls` join `sheeplot` `slb` on(((`slb`.`auctionId` = `sls`.`auctionId`) and (`slb`.`lotNumber` = `sls`.`lotNumber`))))) `l1`) `l2` group by `l2`.`seller`,`l2`.`buyer`) `l3` left join `auctionclientatauction` `acab` on(((`acab`.`auctionId` = `l3`.`BuyerAuctionDay`) and (`acab`.`clientNumber` = `l3`.`Buyer`)))) left join `auctionclientatauction` `acas` on(((`acas`.`auctionId` = `l3`.`SellerAuctionDay`) and (`acas`.`clientNumber` = `l3`.`seller`))))) `l4` left join `auctionday` `adb` on((`adb`.`id` = `l4`.`BuyerAuctionID`))) left join `auctionday` `ads` on((`ads`.`id` = `l4`.`SellerAuctionID`)))) `l5` */;
/*!50001 SET character_set_client      = @saved_cs_client */;
/*!50001 SET character_set_results     = @saved_cs_results */;
/*!50001 SET collation_connection      = @saved_col_connection */;

--
-- Final view structure for view `vcattlelot`
--

/*!50001 DROP VIEW IF EXISTS `vcattlelot`*/;
/*!50001 SET @saved_cs_client          = @@character_set_client */;
/*!50001 SET @saved_cs_results         = @@character_set_results */;
/*!50001 SET @saved_col_connection     = @@collation_connection */;
/*!50001 SET character_set_client      = utf8mb4 */;
/*!50001 SET character_set_results     = utf8mb4 */;
/*!50001 SET collation_connection      = utf8mb4_0900_ai_ci */;
/*!50001 CREATE ALGORITHM=UNDEFINED */
/*!50013 DEFINER=`root`@`localhost` SQL SECURITY DEFINER */
/*!50001 VIEW `vcattlelot` AS select `l5`.`auctionId` AS `auctionID`,`l5`.`lotNumber` AS `lotNumber`,`l5`.`Buyer` AS `Buyer`,`acseller`.`fullName` AS `Seller`,`l5`.`AgentName` AS `AgentName`,`l5`.`AuctioneerName` AS `AuctioneerName`,`l5`.`breed` AS `breed`,`l5`.`quantity` AS `quantity`,`l5`.`lotSellingPrice` AS `lotSellingPrice`,`l5`.`passedIn` AS `passedIn` from ((select `l4`.`auctionId` AS `auctionId`,`l4`.`lotNumber` AS `lotNumber`,`l4`.`bclientID` AS `bclientID`,`l4`.`sclientID` AS `sclientID`,`l4`.`AgentName` AS `AgentName`,`l4`.`AuctioneerName` AS `AuctioneerName`,`l4`.`breed` AS `breed`,`l4`.`quantity` AS `quantity`,`l4`.`lotSellingPrice` AS `lotSellingPrice`,`l4`.`passedIn` AS `passedIn`,`acbuyer`.`fullName` AS `Buyer` from ((select `l3`.`auctionId` AS `auctionId`,`l3`.`lotNumber` AS `lotNumber`,`l3`.`seller` AS `seller`,`l3`.`buyer` AS `buyer`,`l3`.`AgentName` AS `AgentName`,`l3`.`AuctioneerName` AS `AuctioneerName`,`l3`.`breed` AS `breed`,`l3`.`quantity` AS `quantity`,`l3`.`lotSellingPrice` AS `lotSellingPrice`,`l3`.`passedIn` AS `passedIn`,`l3`.`bclientID` AS `bclientID`,`acs`.`clientID` AS `sclientID` from ((select `l2`.`auctionDay` AS `auctionDay`,`l2`.`auctionId` AS `auctionId`,`l2`.`lotNumber` AS `lotNumber`,`l2`.`seller` AS `seller`,`l2`.`buyer` AS `buyer`,`l2`.`AgentName` AS `AgentName`,`l2`.`AuctioneerName` AS `AuctioneerName`,`l2`.`breed` AS `breed`,`l2`.`quantity` AS `quantity`,`l2`.`lotSellingPrice` AS `lotSellingPrice`,`l2`.`passedIn` AS `passedIn`,`aca`.`clientID` AS `bclientID` from ((select `l1`.`auctionDay` AS `auctionDay`,`l1`.`auctionId` AS `auctionId`,`l1`.`lotNumber` AS `lotNumber`,`l1`.`seller` AS `seller`,`l1`.`buyer` AS `buyer`,`l1`.`AgentName` AS `AgentName`,`sau`.`fullName` AS `AuctioneerName`,`l1`.`breed` AS `breed`,`l1`.`quantity` AS `quantity`,`l1`.`lotSellingPrice` AS `lotSellingPrice`,`l1`.`passedIn` AS `passedIn` from ((select `cl`.`auctionDay` AS `auctionDay`,`cl`.`auctionId` AS `auctionId`,`cl`.`lotNumber` AS `lotNumber`,`cl`.`seller` AS `seller`,`cl`.`buyer` AS `buyer`,`cl`.`breed` AS `breed`,`cl`.`quantity` AS `quantity`,`cl`.`agent` AS `agent`,`sag`.`fullName` AS `AgentName`,`cl`.`auctioneer` AS `auctioneer`,`cl`.`lotSellingPrice` AS `lotSellingPrice`,`cl`.`passedIn` AS `passedIn` from (`cattlelot` `cl` join `stockagent` `sag` on((`sag`.`id` = `cl`.`agent`)))) `l1` join `stockagent` `sau` on((`sau`.`id` = `l1`.`auctioneer`)))) `l2` join `auctionclientatauction` `aca` on(((`aca`.`clientNumber` = `l2`.`buyer`) and (`aca`.`auctionId` = `l2`.`auctionDay`))))) `l3` join `auctionclientatauction` `acs` on(((`acs`.`clientNumber` = `l3`.`seller`) and (`acs`.`auctionId` = `l3`.`auctionDay`))))) `l4` join `auctionclient` `acbuyer` on((`acbuyer`.`id` = `l4`.`bclientID`)))) `l5` join `auctionclient` `acseller` on((`acseller`.`id` = `l5`.`sclientID`))) where (`l5`.`lotSellingPrice` is not null) */;
/*!50001 SET character_set_client      = @saved_cs_client */;
/*!50001 SET character_set_results     = @saved_cs_results */;
/*!50001 SET collation_connection      = @saved_col_connection */;

--
-- Final view structure for view `vsheeplot`
--

/*!50001 DROP VIEW IF EXISTS `vsheeplot`*/;
/*!50001 SET @saved_cs_client          = @@character_set_client */;
/*!50001 SET @saved_cs_results         = @@character_set_results */;
/*!50001 SET @saved_col_connection     = @@collation_connection */;
/*!50001 SET character_set_client      = utf8mb4 */;
/*!50001 SET character_set_results     = utf8mb4 */;
/*!50001 SET collation_connection      = utf8mb4_0900_ai_ci */;
/*!50001 CREATE ALGORITHM=UNDEFINED */
/*!50013 DEFINER=`root`@`localhost` SQL SECURITY DEFINER */
/*!50001 VIEW `vsheeplot` AS select `l5`.`auctionId` AS `auctionID`,`l5`.`lotNumber` AS `lotNumber`,`l5`.`Buyer` AS `Buyer`,`acseller`.`fullName` AS `Seller`,`l5`.`AgentName` AS `AgentName`,`l5`.`AuctioneerName` AS `AuctioneerName`,`l5`.`breed` AS `breed`,`l5`.`quantity` AS `quantity`,`l5`.`lotSellingPrice` AS `lotSellingPrice`,`l5`.`passedIn` AS `passedIn` from ((select `l4`.`auctionId` AS `auctionId`,`l4`.`lotNumber` AS `lotNumber`,`l4`.`bclientID` AS `bclientID`,`l4`.`sclientID` AS `sclientID`,`l4`.`AgentName` AS `AgentName`,`l4`.`AuctioneerName` AS `AuctioneerName`,`l4`.`breed` AS `breed`,`l4`.`quantity` AS `quantity`,`l4`.`lotSellingPrice` AS `lotSellingPrice`,`l4`.`passedIn` AS `passedIn`,`acbuyer`.`fullName` AS `Buyer` from ((select `l3`.`auctionId` AS `auctionId`,`l3`.`lotNumber` AS `lotNumber`,`l3`.`seller` AS `seller`,`l3`.`buyer` AS `buyer`,`l3`.`AgentName` AS `AgentName`,`l3`.`AuctioneerName` AS `AuctioneerName`,`l3`.`breed` AS `breed`,`l3`.`quantity` AS `quantity`,`l3`.`lotSellingPrice` AS `lotSellingPrice`,`l3`.`passedIn` AS `passedIn`,`l3`.`bclientID` AS `bclientID`,`acs`.`clientID` AS `sclientID` from ((select `l2`.`auctionDay` AS `auctionDay`,`l2`.`auctionId` AS `auctionId`,`l2`.`lotNumber` AS `lotNumber`,`l2`.`seller` AS `seller`,`l2`.`buyer` AS `buyer`,`l2`.`AgentName` AS `AgentName`,`l2`.`AuctioneerName` AS `AuctioneerName`,`l2`.`breed` AS `breed`,`l2`.`quantity` AS `quantity`,`l2`.`lotSellingPrice` AS `lotSellingPrice`,`l2`.`passedIn` AS `passedIn`,`aca`.`clientID` AS `bclientID` from ((select `l1`.`auctionDay` AS `auctionDay`,`l1`.`auctionId` AS `auctionId`,`l1`.`lotNumber` AS `lotNumber`,`l1`.`seller` AS `seller`,`l1`.`buyer` AS `buyer`,`l1`.`AgentName` AS `AgentName`,`sau`.`fullName` AS `AuctioneerName`,`l1`.`breed` AS `breed`,`l1`.`quantity` AS `quantity`,`l1`.`lotSellingPrice` AS `lotSellingPrice`,`l1`.`passedIn` AS `passedIn` from ((select `sl`.`auctionDay` AS `auctionDay`,`sl`.`auctionId` AS `auctionId`,`sl`.`lotNumber` AS `lotNumber`,`sl`.`seller` AS `seller`,`sl`.`buyer` AS `buyer`,`sl`.`breed` AS `breed`,`sl`.`quantity` AS `quantity`,`sl`.`agent` AS `agent`,`sag`.`fullName` AS `AgentName`,`sl`.`auctioneer` AS `auctioneer`,`sl`.`lotSellingPrice` AS `lotSellingPrice`,`sl`.`passedIn` AS `passedIn` from (`sheeplot` `sl` join `stockagent` `sag` on((`sag`.`id` = `sl`.`agent`)))) `l1` join `stockagent` `sau` on((`sau`.`id` = `l1`.`auctioneer`)))) `l2` join `auctionclientatauction` `aca` on(((`aca`.`clientNumber` = `l2`.`buyer`) and (`aca`.`auctionId` = `l2`.`auctionDay`))))) `l3` join `auctionclientatauction` `acs` on(((`acs`.`clientNumber` = `l3`.`seller`) and (`acs`.`auctionId` = `l3`.`auctionDay`))))) `l4` join `auctionclient` `acbuyer` on((`acbuyer`.`id` = `l4`.`bclientID`)))) `l5` join `auctionclient` `acseller` on((`acseller`.`id` = `l5`.`sclientID`))) where (`l5`.`lotSellingPrice` is not null) */;
/*!50001 SET character_set_client      = @saved_cs_client */;
/*!50001 SET character_set_results     = @saved_cs_results */;
/*!50001 SET collation_connection      = @saved_col_connection */;

--
-- Final view structure for view `vtotal`
--

/*!50001 DROP VIEW IF EXISTS `vtotal`*/;
/*!50001 SET @saved_cs_client          = @@character_set_client */;
/*!50001 SET @saved_cs_results         = @@character_set_results */;
/*!50001 SET @saved_col_connection     = @@collation_connection */;
/*!50001 SET character_set_client      = utf8mb4 */;
/*!50001 SET character_set_results     = utf8mb4 */;
/*!50001 SET collation_connection      = utf8mb4_0900_ai_ci */;
/*!50001 CREATE ALGORITHM=UNDEFINED */
/*!50013 DEFINER=`root`@`localhost` SQL SECURITY DEFINER */
/*!50001 VIEW `vtotal` AS select `l2`.`buy` AS `buy`,`l2`.`BuyerID` AS `BuyerID`,`l2`.`Purchases` AS `Purchases`,`l2`.`sell` AS `sell`,`l2`.`SellerID` AS `SellerID`,`l2`.`Sold` AS `Sold`,`l2`.`BuyerAuctionID` AS `BuyerAuctionID`,`acas`.`clientID` AS `SellerAuctionID` from ((select `l1`.`buy` AS `buy`,`l1`.`BuyerID` AS `BuyerID`,sum(`l1`.`buyersValue`) AS `Purchases`,`l1`.`sell` AS `sell`,`l1`.`SellerID` AS `SellerID`,sum(`l1`.`sellersValue`) AS `Sold`,`acaa`.`clientID` AS `BuyerAuctionID` from ((select `clb`.`auctionDay` AS `buy`,`clb`.`buyer` AS `BuyerID`,`clb`.`lotSellingPrice` AS `buyersValue`,`cls`.`auctionDay` AS `sell`,`cls`.`seller` AS `SellerID`,`cls`.`lotSellingPrice` AS `sellersValue` from (`cattlelot` `clb` join `cattlelot` `cls` on(((`clb`.`auctionId` = `cls`.`auctionId`) and (`clb`.`lotNumber` = `cls`.`lotNumber`)))) union all select `slb`.`auctionDay` AS `auctionDay`,`slb`.`buyer` AS `buyer`,`slb`.`lotSellingPrice` AS `lotsellingprice`,`sls`.`auctionDay` AS `auctionDay`,`sls`.`seller` AS `seller`,`sls`.`lotSellingPrice` AS `lotSellingPrice` from (`sheeplot` `slb` join `sheeplot` `sls` on(((`slb`.`auctionId` = `sls`.`auctionId`) and (`slb`.`lotNumber` = `sls`.`lotNumber`))))) `l1` join `auctionclientatauction` `acaa`) where ((`acaa`.`auctionId` = `l1`.`buy`) and (`acaa`.`clientNumber` = `l1`.`BuyerID`)) group by `l1`.`buy`,`l1`.`sell`,`l1`.`BuyerID`,`l1`.`SellerID`,`l1`.`buyersValue`,`l1`.`sellersValue`) `l2` join `auctionclientatauction` `acas`) where ((`acas`.`auctionId` = `l2`.`sell`) and (`acas`.`clientNumber` = `l2`.`SellerID`)) group by `l2`.`buy`,`l2`.`sell`,`l2`.`BuyerID`,`l2`.`SellerID`,`l2`.`Purchases`,`l2`.`Sold` */;
/*!50001 SET character_set_client      = @saved_cs_client */;
/*!50001 SET character_set_results     = @saved_cs_results */;
/*!50001 SET collation_connection      = @saved_col_connection */;
/*!40103 SET TIME_ZONE=@OLD_TIME_ZONE */;

/*!40101 SET SQL_MODE=@OLD_SQL_MODE */;
/*!40014 SET FOREIGN_KEY_CHECKS=@OLD_FOREIGN_KEY_CHECKS */;
/*!40014 SET UNIQUE_CHECKS=@OLD_UNIQUE_CHECKS */;
/*!40101 SET CHARACTER_SET_CLIENT=@OLD_CHARACTER_SET_CLIENT */;
/*!40101 SET CHARACTER_SET_RESULTS=@OLD_CHARACTER_SET_RESULTS */;
/*!40101 SET COLLATION_CONNECTION=@OLD_COLLATION_CONNECTION */;
/*!40111 SET SQL_NOTES=@OLD_SQL_NOTES */;

-- Dump completed on 2020-10-19 22:14:49
